####
#
# OBJ File Generated by Meshlab
#
####
# Object Hummingbird_Hovering.obj
#
# Vertices: 2589
# Faces: 5174
#
####
v -0.665045 2.011436 5.183784
v -0.757733 1.893082 4.842515
v -0.734178 1.808254 4.996624
v -0.766022 1.253998 4.786070
v -0.799408 1.482950 4.870288
v -0.853864 1.538837 4.675376
v -0.746514 1.385174 4.950986
v -0.674020 1.211033 4.966901
v -0.693575 1.058343 4.722086
v -0.598492 1.004463 4.851283
v -0.533786 1.376868 5.274158
v -0.464523 1.216744 5.238766
v -0.531719 1.125392 5.087688
v -0.166571 2.312213 5.426996
v -0.315359 2.314691 5.365080
v -0.433302 2.303359 5.292419
v -0.408549 2.152942 5.379224
v -0.424583 1.943675 5.427540
v -0.341958 1.703558 5.487881
v -0.292999 1.512316 5.482213
v -0.425578 1.506969 5.417351
v -0.309769 1.101642 5.242243
v -0.379219 1.010174 5.109397
v -0.675235 2.392101 4.396341
v -0.574992 2.577951 4.540079
v -0.537805 2.609625 4.340739
v -0.767820 2.144197 4.320245
v -0.861868 1.749697 4.451497
v -0.878592 1.575595 4.525439
v -0.817412 1.165537 4.480006
v -0.842108 1.348524 4.607491
v -0.682688 0.925388 4.534885
v -0.759934 1.033192 4.491443
v -0.498988 0.918939 4.878767
v -0.573521 0.766613 4.496989
v -0.213219 0.626588 4.595068
v -0.332613 0.626774 4.537107
v -0.261078 0.792348 4.885367
v -0.382819 0.871702 4.931134
v -0.595972 2.295845 3.921518
v -0.622932 2.440967 4.227019
v -0.427611 2.649203 4.168213
v -0.534704 2.527019 4.148402
v -0.425368 2.533175 3.976619
v -0.318290 2.604116 3.978778
v -0.723863 2.227632 4.211019
v -0.674302 2.204058 3.992031
v -0.837937 1.853364 4.278028
v -0.896724 1.452114 4.081676
v -0.876790 1.214190 4.242417
v -0.827029 1.059896 4.304074
v -0.734560 0.831276 4.313241
v -0.650693 0.677437 4.289311
v -0.266167 2.829624 4.327183
v -0.356438 2.848154 4.457813
v -0.457474 2.758094 4.763671
v -0.476359 2.620543 4.937201
v -0.425359 2.667032 5.003751
v -0.335772 2.704098 5.115337
v -0.385924 2.567430 5.146917
v -0.233327 2.655118 5.224906
v -0.387330 2.877342 4.849467
v -0.341718 2.979430 4.638695
v -0.437278 2.806512 4.616004
v -0.359822 3.028372 4.751044
v -0.290505 3.299263 4.836971
v -0.265091 3.342771 4.760980
v -0.173319 3.887359 4.762570
v -0.158225 4.085233 4.788015
v -0.145128 4.231816 4.789747
v -0.156553 4.421041 4.871661
v -0.095398 4.754348 4.767818
v -0.135240 3.727180 4.713408
v -0.250103 3.018981 4.547258
v -0.079603 3.063283 4.506573
v -0.217368 3.205215 4.642018
v -0.164910 3.455459 4.691531
v -0.320172 2.940211 5.006931
v -0.330173 3.146639 4.891026
v -0.394392 2.838703 4.915637
v -0.105631 3.027185 5.174582
v -0.245532 2.955166 5.100298
v -0.112967 3.205481 5.133676
v -0.281334 3.296919 4.940714
v -0.243417 3.245624 5.018723
v -0.285735 3.410936 4.881577
v -0.200484 4.023781 4.870824
v -0.117662 4.632151 4.852542
v -0.185379 3.229415 5.085104
v -0.214637 3.814577 4.935151
v -0.163681 3.872964 5.002602
v -0.142028 4.286383 4.934532
v -0.098311 3.897841 5.046612
v -0.099247 4.486049 4.944052
v -0.062663 4.889904 4.839135
v -0.086949 4.691367 4.899464
v -0.565485 2.207719 5.218837
v -0.557150 2.325608 5.113276
v -0.562118 2.056550 5.304928
v -0.594203 1.543957 5.275612
v -0.589547 1.706452 5.312102
v -0.488224 1.818518 5.403248
v -0.666150 1.775788 5.235863
v -0.715093 1.592649 5.118194
v -0.646171 1.339019 5.120243
v -0.757439 2.000246 4.638194
v -0.739939 2.201291 4.466209
v -0.689655 2.190054 4.792191
v -0.593196 2.300171 4.989024
v -0.628179 2.422054 4.745911
v -0.662432 2.414256 4.563828
v -0.646239 2.156456 5.115438
v -0.705347 1.886118 5.132271
v -0.761105 1.697589 5.040114
v -0.809022 1.691270 4.818571
v -0.695257 2.156097 4.909985
v -0.657607 2.194457 4.940632
v -0.744029 2.052205 5.055174
v -0.764552 1.908922 5.005820
v -0.748403 2.008572 4.822116
v -0.470564 2.341055 3.758853
v -0.371234 2.411610 3.736062
v -0.659247 1.934430 3.639343
v -0.862184 1.642195 3.997420
v -0.794789 1.825225 3.901781
v -0.828725 1.637167 3.728930
v -0.898278 1.306272 4.137980
v -0.912980 1.353744 3.889053
v -0.885469 1.080803 4.110278
v -0.926920 1.148916 3.931183
v -0.862658 0.917109 4.112243
v -0.836570 0.654922 4.073785
v -0.794015 0.726252 4.156060
v -0.433473 0.648627 4.485744
v -0.543533 0.579987 4.315269
v -0.320045 0.517856 4.388250
v -0.429646 0.466494 4.290057
v -0.918582 0.611498 3.963959
v -0.914945 0.819212 3.986729
v -1.001380 0.814894 3.829729
v -1.006121 1.050899 3.718758
v -0.929088 0.988970 3.958047
v -1.148044 0.414588 3.588886
v -1.181345 0.670338 3.498397
v -0.939806 1.298823 3.724370
v -0.874443 1.516883 3.785544
v -0.927368 1.400707 3.572445
v -0.756804 1.799184 3.730008
v -0.568491 1.950356 3.447149
v -0.545017 2.069859 3.558118
v -0.426682 2.083148 3.391723
v -0.288795 2.072179 3.219780
v -1.178455 0.810642 3.439393
v -1.281342 0.774609 3.139062
v -1.009839 1.208826 3.536172
v -1.199344 0.969284 3.242779
v -1.305819 0.152835 3.145795
v -1.316465 0.327512 3.150762
v -1.242776 0.571486 3.363673
v -1.239873 0.231199 3.368530
v -1.291364 0.537580 3.201725
v -1.385192 0.246122 2.898111
v -1.414888 0.012320 2.673842
v -1.387564 -0.517524 2.403550
v -1.410749 0.241470 2.749540
v -1.416485 -0.225063 2.516649
v -1.448259 0.074120 2.444198
v -1.453968 -0.137948 2.363940
v -1.416232 -0.964247 1.952082
v -1.396765 -0.987238 2.056790
v -1.428233 -0.811654 2.043294
v -1.443213 -0.455898 2.198781
v -1.454311 -0.279992 2.224163
v -1.436099 -0.549418 1.970465
v -1.440924 -0.718411 1.976308
v -1.401784 -0.613366 1.752822
v -1.413237 -0.905901 1.771506
v -0.541400 -1.616167 2.786358
v -0.787082 -1.745727 2.363077
v -0.489996 -1.771892 2.615291
v -0.352493 -1.678838 2.826743
v -0.318117 -1.245685 3.292217
v -0.558340 -1.436831 2.981232
v -0.381159 -1.484613 3.039881
v -0.193783 -1.598724 2.976508
v -0.186381 -1.411139 3.179147
v -0.221952 -0.956930 3.547615
v -0.254784 -0.536785 3.815463
v -1.138367 1.126476 3.208176
v -0.977852 1.338019 3.412247
v -1.349823 0.610854 2.845388
v -1.269573 0.885993 3.039184
v -1.331058 0.738145 2.787006
v -0.949378 1.416774 3.298836
v -0.838104 1.581307 3.525429
v -0.691866 1.710813 3.132658
v -0.824462 1.585959 3.252537
v -0.685504 1.769797 3.399646
v -0.520550 1.834125 3.075624
v -0.592562 1.788664 3.103398
v -0.532933 1.903671 3.280493
v -0.331416 1.862109 2.902305
v -0.225090 2.005406 3.086439
v -0.455794 1.816928 2.911156
v -0.397569 1.952094 3.146220
v -1.119093 1.224170 3.013691
v -1.203288 1.081392 2.952168
v -1.259365 0.957868 2.697854
v -1.381950 0.571946 2.469727
v -1.420202 0.412501 2.464123
v -1.455930 -0.130582 2.237720
v -1.427803 -0.022167 2.054010
v -1.436744 0.220266 2.260940
v -1.405644 -0.337822 1.836431
v -1.356992 -0.223527 1.725027
v -1.340180 -0.410429 1.574931
v -1.148126 1.154277 2.575284
v -1.121705 1.230732 2.747133
v -1.019673 1.371745 2.921818
v -1.401550 0.459537 2.371010
v -1.292429 0.831019 2.487103
v -1.309022 0.683874 2.209270
v -1.372986 0.426497 2.144555
v -1.064704 1.208499 2.391782
v -0.976932 1.381081 2.628997
v -0.854359 1.538115 2.849121
v -0.620783 1.606001 2.500136
v -0.747701 1.482702 2.366487
v -0.816610 1.494887 2.536720
v -0.692245 1.657868 2.818531
v -0.407829 1.618543 2.288382
v -0.303642 1.766195 2.640166
v -0.630153 1.486278 2.207122
v -1.233886 0.885379 2.244216
v -1.239918 0.793663 2.117521
v -1.375648 0.112710 1.953581
v -1.353028 0.340112 1.937807
v -1.245919 0.256415 1.670487
v -1.298895 0.158776 1.732947
v -1.219745 0.017003 1.473089
v -1.284151 -0.087292 1.545495
v -1.213194 -0.286606 1.328951
v -0.996182 1.038060 1.936178
v -0.913763 1.312541 2.271396
v -1.065265 1.089706 2.146894
v -1.319264 0.469725 1.941596
v -1.133593 0.600078 1.695860
v -0.629192 1.346586 1.941276
v -0.848264 1.100557 1.822996
v -0.839060 1.204343 1.960040
v -0.783372 1.371110 2.176514
v -0.408504 1.380858 1.822996
v -0.569535 1.228135 1.708858
v -0.397121 1.511437 2.034970
v -1.086499 0.857670 1.858088
v -0.943919 0.915757 1.708394
v -1.000998 0.657238 1.540515
v -1.131907 0.391262 1.532578
v -1.116427 0.243713 1.428185
v -0.983121 0.107400 1.182290
v -0.651901 0.789118 1.306202
v -0.548428 1.032074 1.461309
v -0.491420 0.837739 1.247190
v -0.397393 1.245606 1.618906
v -0.421103 1.094932 1.451895
v -0.694002 0.880897 1.418674
v -0.914191 0.769868 1.533219
v -0.690729 1.135381 1.698489
v -0.954790 0.366914 1.308839
v -0.876822 0.464386 1.295730
v -0.869148 0.161536 1.101595
v -0.732895 0.382430 1.127747
v -0.767299 0.639729 1.293251
v -0.629003 0.586655 1.162478
v -0.479475 0.668686 1.127458
v -0.353728 0.696492 1.098513
v -0.361926 -1.840236 2.596425
v -0.553448 -1.943853 2.297556
v -0.975447 -1.647964 2.259653
v -1.178288 -1.614124 1.924213
v -1.285058 -1.406735 1.955045
v -1.351580 -1.201942 2.027560
v -1.358532 -1.289732 1.710973
v -1.396177 -1.046129 1.607223
v -1.378515 -1.212617 1.594893
v -1.400091 -0.876162 1.646455
v -1.349339 -0.675205 1.453377
v -1.330873 -0.806771 1.347558
v -1.196632 -0.874268 1.104068
v -1.216194 -0.529502 1.206956
v -1.129072 -0.464642 1.101782
v -1.004639 -0.074832 1.141388
v -0.972412 -0.361225 0.952451
v -0.387845 -2.083678 2.183446
v -0.694542 -2.126799 1.907388
v -0.830685 -1.992058 1.956709
v -0.548912 -2.094721 2.079704
v -1.030987 -1.861026 1.837114
v -1.099474 -1.825448 1.742384
v -1.220984 -1.661296 1.654909
v -1.293027 -1.513775 1.620394
v -1.077975 -1.951467 1.515243
v -1.197125 -1.732870 1.483076
v -1.267786 -1.547982 1.439758
v -1.335574 -1.346737 1.526362
v -1.204791 -1.599824 1.125399
v -1.194002 -1.748004 1.230052
v -1.286271 -1.203318 1.242123
v -1.184265 -1.087448 1.044211
v -1.314752 -0.988662 1.282446
v -1.119470 -1.439275 0.801998
v -1.179314 -1.415764 1.015763
v -1.131153 -0.754392 0.991370
v -1.065693 -1.013271 0.749529
v -1.114382 -1.202234 0.845538
v -0.467167 -2.283509 1.879697
v -0.766691 -2.212247 1.699901
v -0.819696 -2.259094 1.545632
v -0.985660 -2.060958 1.563920
v -1.083424 -2.039606 1.306978
v -1.087635 -2.051446 1.160447
v -1.182679 -1.807961 1.335843
v -1.118795 -1.750536 0.971300
v -1.111270 -1.608834 0.820679
v -0.765236 -0.423566 0.771920
v -0.814978 -0.150831 0.926842
v -0.740160 0.177768 1.011160
v -0.760209 -0.051637 0.912569
v -0.582391 0.074677 0.858005
v -0.614681 0.342373 1.020871
v -0.515090 -0.139871 0.717128
v -0.174736 -0.210050 0.597621
v -0.270802 0.013064 0.743827
v -0.348046 -0.166348 0.660594
v -0.457849 0.241317 0.898520
v -0.387593 0.342586 0.915213
v -0.945256 -1.423241 0.560347
v -0.972063 -1.194575 0.612536
v -0.860838 -1.308161 0.486887
v -0.851104 -1.124489 0.418688
v -0.840803 -1.139471 0.517904
v -0.945569 -0.796767 0.706704
v -0.912487 -0.969826 0.607334
v -1.061485 -0.697730 0.905736
v -0.932200 -0.547200 0.844500
v -0.883019 -0.939176 0.468600
v -0.899529 -0.809877 0.591079
v -0.928963 -0.678288 0.770948
v -0.754980 -0.532826 0.696648
v -0.663964 -0.329547 0.718275
v -0.719458 -0.640534 0.544791
v -0.858122 -0.804673 0.417616
v -0.927523 -1.007764 0.370005
v -0.892633 -0.877787 0.408710
v -0.860572 -1.353433 0.373294
v -0.948581 -1.287562 0.344374
v -0.890298 -1.478858 0.415342
v -0.950728 -1.588366 0.578283
v -0.626522 -0.763697 0.330308
v -0.896485 -0.958758 0.282431
v -0.785136 -0.964562 0.261047
v -0.957291 -1.261212 0.263492
v -0.889169 -1.232636 0.209389
v -0.779118 -1.258541 0.226140
v -0.751075 -1.009965 0.276075
v -0.830932 -1.388193 0.270787
v -0.724860 -1.294481 0.123491
v -0.739734 -1.101325 0.153790
v -0.669367 -1.184241 0.089726
v -0.425609 -0.401972 0.570519
v -0.654100 -0.687567 0.392825
v -0.640518 -0.499263 0.586857
v -0.615444 -0.377208 0.661761
v -0.424166 -0.563788 0.473774
v -0.726613 -0.876304 0.311894
v -0.709117 -0.739329 0.384264
v -0.529980 -0.763663 0.272864
v -0.692392 -0.977650 0.168551
v -0.652616 -1.350091 0.107347
v -0.673005 -1.453109 0.184694
v -0.557094 -1.411813 0.181059
v -0.571768 -1.196459 0.124543
v -0.600971 -1.004238 0.156079
v -0.591752 -0.847007 0.242429
v -0.494355 -1.382811 0.153645
v -0.512855 -0.943815 0.097048
v -0.453802 -0.781365 0.257206
v -0.541463 -1.235447 0.055974
v -0.559386 -1.088369 0.067098
v -0.453149 -1.373511 0.046783
v -0.498587 -1.228695 0.006745
v -0.417834 -1.209433 0.014176
v -0.493192 -1.058398 0.041125
v -0.442960 -0.999808 0.092649
v -0.381604 -1.280101 0.059887
v -0.428146 -0.908106 0.190771
v -0.429270 -1.197598 0.197957
v -0.282526 -0.409475 0.554996
v -0.472848 -0.689195 0.316307
v -0.381636 -0.926524 0.258149
v -0.177432 -0.842616 0.359116
v -0.308539 -1.085377 0.223406
v -0.310690 -0.745593 0.334528
v -0.173422 -1.054112 0.265339
v -0.439238 -1.299861 0.207309
v -0.610409 -1.534864 0.309898
v -0.933092 -1.385990 0.284135
v -0.770258 -1.475082 0.355463
v -0.729958 -1.373954 0.235497
v -0.687670 -1.486484 0.329922
v -0.194431 -1.249427 0.232392
v -0.374248 -1.350790 0.257863
v -0.293737 -1.214717 0.211156
v -0.299272 -1.376401 0.230274
v -0.390638 -1.384813 0.059463
v -0.438719 -1.443443 0.097266
v -0.374553 -1.411133 0.213437
v -0.510291 -1.774614 0.268049
v -0.364737 -1.508152 0.242797
v -0.509704 -1.489446 0.288605
v -0.566816 -1.691652 0.271360
v -0.697286 -1.771500 0.309588
v -0.808537 -1.758350 0.377593
v -0.822719 -1.533331 0.385067
v -0.722012 -1.641271 0.300887
v -0.899190 -1.677243 0.481292
v -0.863801 -1.488131 0.456702
v -1.015975 -1.863558 0.753654
v -0.912945 -1.885066 0.612139
v -1.034448 -1.969798 0.905389
v -1.063358 -1.854405 0.858458
v -1.091623 -1.986836 1.044393
v -0.964612 -2.196216 0.925387
v -0.973419 -2.251808 1.078053
v -0.969219 -2.268351 1.155583
v -0.931738 -2.317925 1.241548
v -0.982718 -2.175885 1.366464
v -0.723953 -2.501115 1.388339
v -0.538384 -2.378082 1.723495
v -0.326977 -2.512871 1.688356
v -0.464368 -2.600817 1.536267
v -0.482011 -2.073132 0.326830
v -0.279129 -1.848809 0.251158
v -0.244111 -2.122582 0.266963
v -0.608570 -2.012693 0.353161
v -0.652104 -2.090893 0.406303
v -0.531268 -2.240097 0.373386
v -0.903295 -2.170940 0.730075
v -0.783878 -2.264693 0.577162
v -0.824924 -2.090154 0.590001
v -0.925116 -2.190492 0.788096
v -0.774066 -2.548624 1.250329
v -0.693811 -2.770901 1.165311
v -0.834027 -2.574418 1.095899
v -0.627621 -2.465818 1.542754
v -0.605507 -2.683747 1.336938
v -0.319818 -2.980900 1.303161
v -0.492913 -2.786329 1.344819
v -0.624423 -2.848212 1.194181
v -0.775697 -2.763391 1.049098
v -0.850998 -2.575502 0.942890
v -0.836588 -2.614711 0.987828
v -0.768788 -2.579006 0.687244
v -0.854996 -2.488045 0.840192
v -0.794802 -2.406109 0.636492
v -0.714057 -2.419975 0.547610
v -0.475976 -2.474056 0.369179
v -0.363365 -2.287472 0.328814
v -0.200923 -2.273436 0.285729
v -0.363368 -3.215045 1.172395
v -0.379071 -3.546397 1.020924
v -0.256967 -3.484197 1.079486
v -0.662111 -3.025538 1.064610
v -0.536076 -3.023656 1.168189
v -0.648905 -3.374380 0.933624
v -0.527830 -3.444260 1.002938
v -0.720957 -2.999620 0.998940
v -0.760429 -2.992561 0.918858
v -0.722348 -3.347147 0.732963
v -0.695233 -3.414949 0.839488
v -0.794772 -2.848693 0.873184
v -0.773297 -2.944361 0.798646
v -0.733918 -2.906345 0.692241
v -0.703875 -3.246638 0.676858
v -0.646864 -2.945831 0.592859
v -0.648428 -3.259499 0.602746
v -0.648628 -2.656396 0.570364
v -0.513309 -2.841400 0.489140
v -0.538274 -2.655968 0.478735
v -0.368663 -2.690030 0.391401
v -0.230147 -3.010473 0.363597
v -0.412489 -3.003025 0.441671
v -0.211757 -2.669838 0.325300
v -0.174106 -3.872560 0.920434
v -0.613064 -3.531945 0.890343
v -0.643476 -3.732813 0.689821
v -0.693764 -3.624964 0.624324
v -0.610187 -3.559194 0.494148
v -0.534145 -3.381295 0.494289
v -0.541603 -3.217337 0.512033
v -0.424363 -3.321518 0.444062
v -0.239833 -3.200615 0.372850
v -0.227696 -3.480607 0.355069
v -0.224924 -3.921324 0.259724
v -0.463658 -3.525937 0.432215
v -0.406980 -3.741079 0.367906
v -0.378549 -4.140813 0.289796
v -0.510715 -3.909030 0.352170
v -0.593796 -4.259924 0.276811
v -0.430303 -4.207386 0.290341
v -0.673730 -3.554169 0.546997
v -0.690796 -3.875594 0.405593
v -0.545405 -3.744283 0.401770
v -0.622135 -4.024959 0.333107
v -0.694668 -4.183745 0.308240
v -0.594098 -3.768390 0.755391
v -0.723278 -3.932866 0.483744
v -0.636961 -4.039539 0.554211
v -0.704604 -4.359762 0.410841
v -0.727098 -4.144886 0.396202
v -0.712540 -4.390395 0.312696
v -0.487301 -3.781324 0.842069
v -0.706376 -4.020965 0.489850
v -0.544969 -4.474940 0.496810
v -0.360361 -3.920739 0.839637
v -0.445124 -3.969199 0.779348
v -0.532920 -4.093557 0.660682
v -0.449757 -4.383405 0.629591
v -0.326500 -4.417833 0.687317
v -0.678296 -4.591928 0.267192
v -0.631066 -4.570972 0.202850
v -0.595451 -4.711358 0.176612
v -0.552638 -4.573225 0.188275
v -0.402812 -4.575710 0.186048
v -0.302717 -4.563937 0.167592
v -0.619409 -4.695166 0.347976
v -0.345216 -4.581972 0.613430
v -0.324051 -4.723706 0.541544
v -0.503223 -4.827736 0.346633
v -0.528459 -4.801069 0.177264
v -0.583784 -4.785565 0.259921
v -0.330080 -4.729397 0.156578
v -0.392779 -4.868976 0.192980
v -0.361338 -4.810266 0.163750
v -0.407437 -4.931326 0.292714
v -0.271386 -4.874935 0.458740
v -0.051520 -5.017644 0.387494
v -0.702166 0.497912 4.153218
v -0.342316 0.386075 4.262087
v -0.568301 0.455559 4.222685
v -0.776294 0.414242 4.083012
v -0.918541 0.361261 3.946777
v -0.408145 -0.395733 3.862995
v -0.363235 -0.162508 4.001068
v -0.675954 -1.670433 2.592094
v -0.817535 -1.429444 2.797766
v -0.988678 -1.445858 2.573850
v -1.121791 -1.464777 2.275508
v -0.919494 -1.487569 2.588733
v -1.139193 -1.354309 2.358372
v -1.248743 -1.187404 2.264794
v -1.274560 -1.343081 2.097687
v -1.379108 -0.775227 2.229101
v -1.337400 -0.749245 2.415792
v -1.308151 -1.018205 2.281019
v -1.276604 -0.759020 2.610970
v -1.300487 -0.937785 2.439273
v -1.336249 -0.424734 2.665278
v -1.009900 0.266672 3.823213
v -1.063798 0.514000 3.747250
v -1.099409 0.141402 3.656180
v -1.381326 -0.056539 2.780355
v -1.131265 -0.145865 3.469355
v -1.246039 -0.088374 3.203229
v -0.334098 -0.952596 3.516961
v -0.316584 -0.734539 3.678683
v -0.540989 -0.612336 3.690825
v -0.608198 -0.831783 3.490802
v -0.529790 -1.089985 3.294669
v -0.618214 -1.043826 3.289069
v -0.536223 -0.895296 3.457878
v -1.139912 -1.352093 2.438811
v -1.223771 -0.642683 2.977423
v -1.220783 -0.621957 2.891640
v -1.248526 -0.853125 2.749908
v -1.152992 -0.355947 3.373820
v -1.198694 -0.482175 3.064828
v -1.065738 0.105157 3.981206
v -1.111077 -0.072605 3.625577
v -1.043832 0.133421 3.853408
v -0.970400 0.237027 3.951327
v -1.048655 0.160906 3.770938
v -1.106088 0.029526 3.614510
v -0.729419 0.290649 4.152625
v -0.866565 0.313889 4.041937
v -0.598219 0.336038 4.172063
v -0.411968 0.285669 4.189412
v -0.348783 0.031047 4.092625
v -0.415804 0.013900 4.089119
v -0.467879 0.172045 4.144345
v -0.515467 -0.414725 3.854575
v -0.460947 -0.271448 3.960158
v -0.695759 -0.911345 3.441368
v -0.784432 -1.147077 3.244406
v -0.697223 -0.979289 3.356870
v -0.691035 -1.102217 3.207598
v -0.727677 -0.784804 3.678432
v -0.847023 -0.793135 3.889594
v -0.599114 -0.511382 3.812466
v -0.729527 -0.570204 4.045059
v -0.659793 -0.600383 3.779255
v -1.199985 -0.522910 3.178571
v -1.350485 -0.754963 3.329873
v -1.258808 -0.644202 3.159616
v -1.196727 -0.467733 3.440913
v -1.146758 -0.126125 3.677153
v -1.168752 -0.345775 3.512243
v -1.296778 -0.285624 3.784828
v -1.582183 -1.062663 3.461297
v -1.488400 -0.931404 3.432522
v -1.401651 -0.900705 3.249947
v -1.438834 -1.065963 3.148404
v -1.845857 -1.183478 3.842084
v -1.621459 -0.932974 3.791374
v -1.808100 -1.202046 3.724048
v -1.497991 -0.773930 3.758462
v -1.414642 -0.617443 3.715478
v -1.341454 -0.629529 3.562761
v -1.433500 -0.748508 3.629222
v -1.545054 -0.935306 3.575691
v -1.677567 -1.132552 3.544553
v -1.934039 -1.413008 3.651904
v -2.241316 -1.801291 3.626103
v -1.521602 -1.537015 4.135345
v -0.840175 -0.607599 4.196455
v -0.714172 -0.432048 4.168644
v -0.532686 -0.321481 3.992411
v -0.489831 -0.132386 4.068499
v -0.926079 -0.731457 4.174460
v -0.987611 -0.891367 4.019381
v -1.133075 -0.991484 4.120016
v -0.836680 -0.225788 4.363219
v -0.499801 0.002584 4.123346
v -0.552838 0.120487 4.164485
v -0.833514 -0.083047 4.359499
v -0.783625 -0.409678 4.264228
v -1.016685 -0.508827 4.491868
v -1.123683 -0.786763 4.431273
v -1.120356 -0.688569 4.528159
v -0.855134 0.020465 4.331913
v -0.629440 0.204240 4.182721
v -0.791616 0.164666 4.233471
v -1.081972 0.103161 4.104915
v -1.201875 -0.048665 4.040673
v -1.311566 -0.219354 3.924426
v -0.897782 0.196767 4.177937
v -0.982910 0.187694 4.111346
v -1.455086 -0.277344 4.117041
v -1.343002 -0.414901 3.741843
v -1.729791 -0.693144 4.209803
v -1.620855 -0.552668 4.123364
v -1.494043 -0.407784 4.038776
v -1.593486 -0.300634 4.533706
v -1.218286 -0.013988 4.226712
v -1.330885 -0.125691 4.204523
v -1.218162 -0.461896 4.703909
v -1.233232 -0.350348 4.712716
v -1.071003 -0.097421 4.490076
v -0.962955 0.066447 4.321498
v -1.049677 0.081430 4.264590
v -1.104021 0.068162 4.230160
v -1.242037 -0.267500 4.676408
v -1.197535 -0.096802 4.498823
v -1.499968 -0.271538 4.691415
v -1.307745 -0.100192 4.437264
v -1.517227 -0.244943 4.543592
v -1.532149 -0.259863 4.627523
v -1.724740 -0.373210 4.718300
v -1.707392 -0.401448 4.517321
v -1.960151 -0.512972 4.987800
v -1.667451 -0.371260 4.817062
v -1.976964 -0.492540 4.852754
v -2.088613 -0.580591 4.990705
v -2.165837 -0.642226 4.958292
v -2.015641 -0.524594 4.787674
v -1.877752 -0.486479 4.639749
v -1.757385 -0.565130 5.059045
v -1.600756 -0.517601 4.964340
v -1.522497 -0.334194 4.787153
v -1.845682 -0.540223 5.063681
v -1.568740 -0.794128 4.943034
v -1.359418 -0.650569 4.804470
v -1.469209 -0.563754 4.904678
v -1.684518 -0.692203 5.045093
v -1.420011 -0.962588 4.710445
v -1.433193 -0.887868 4.785275
v -1.403238 -0.786784 4.801754
v -1.313646 -1.028488 4.402081
v -1.722950 -0.486393 4.374262
v -1.945006 -0.585269 4.572024
v -1.742225 -0.604442 4.281129
v -2.076924 -0.828399 4.591564
v -1.875127 -0.652795 4.410925
v -1.850926 -0.860117 4.235324
v -1.662671 -0.785956 4.011753
v -2.650467 -1.869384 4.367956
v -2.436944 -1.642277 4.216196
v -2.452255 -1.600550 4.347978
v -2.515881 -1.833334 4.111217
v -2.336044 -1.599628 4.092614
v -2.126196 -1.253779 4.203780
v -2.056283 -1.251112 4.082822
v -2.032578 -1.413543 3.864930
v -1.788885 -1.352007 4.695888
v -1.806516 -1.259652 4.821408
v -1.520541 -1.172566 4.531678
v -1.804496 -1.168329 4.942449
v -1.950004 -1.340158 4.911839
v -1.604534 -1.054977 4.850581
v -1.666737 -0.981453 4.956101
v -2.044688 -1.229612 5.085695
v -1.867481 -1.114502 5.035807
v -2.490375 -1.281355 4.712498
v -2.331085 -1.226303 4.549133
v -2.220429 -0.958099 4.676381
v -2.343172 -1.299948 4.494813
v -1.935252 -0.794815 4.399073
v -2.205898 -1.293049 4.317502
v -2.590194 -1.543575 4.576184
v -2.791091 -1.634928 4.771803
v -2.546178 -1.617569 4.456044
v -2.730363 -1.863744 4.479589
v -2.754741 -1.752354 4.601397
v -2.213513 -0.736456 4.854869
v -2.361397 -0.801365 5.013321
v -2.189044 -0.802144 4.754645
v -2.452708 -0.936875 4.972598
v -1.373272 -1.587130 2.656837
v -1.338063 -1.439819 2.561004
v -1.131551 -1.421843 2.534715
v -1.277493 -1.616402 2.707357
v -1.700023 -1.821169 2.858568
v -1.655489 -1.878160 2.873121
v -1.485536 -1.864217 2.895156
v -1.583865 -1.959278 2.979116
v -1.742528 -2.049320 3.102546
v -1.301429 -1.261165 2.472212
v -1.220911 -1.255741 2.367900
v -1.280360 -1.132893 2.385956
v -1.238276 -1.316086 2.435082
v -1.300304 -1.054785 2.510376
v -1.326450 -1.166345 2.534931
v -1.374876 -1.344962 2.580103
v -1.497719 -1.446016 2.716236
v -1.501520 -1.594154 2.699300
v -1.564487 -1.407746 2.957245
v -1.468389 -1.286973 2.734940
v -1.456520 -1.192083 2.826336
v -1.379943 -1.141109 2.675157
v -1.290575 -0.777321 3.031690
v -1.372408 -1.008250 2.969947
v -1.323816 -0.944139 2.843112
v -1.495708 -1.211969 3.100455
v -1.420512 -1.095812 3.062879
v -1.611756 -1.547567 2.870321
v -1.856600 -1.530085 3.410537
v -1.621957 -1.233159 3.336287
v -1.671355 -1.419176 3.184119
v -2.129313 -2.371551 3.490241
v -2.395978 -2.580077 3.660772
v -2.459983 -2.563948 3.637124
v -2.210444 -2.324713 3.426529
v -2.620975 -2.641295 3.778035
v -2.706600 -2.728000 3.922200
v -2.757464 -2.659447 3.914439
v -2.763500 -2.545300 3.905300
v -2.669777 -2.505167 3.746241
v -2.521719 -2.493838 3.613199
v -2.534303 -2.335032 3.616215
v -2.387858 -2.243562 3.509965
v -2.267745 -2.162164 3.394776
v -2.282583 -2.278158 3.434793
v -2.073115 -2.136644 3.192676
v -2.107913 -2.094676 3.212424
v -2.110983 -2.266135 3.318691
v -1.963772 -2.176473 3.181996
v -1.910944 -1.967943 3.055014
v -1.859536 -2.007197 3.047133
v -1.906780 -2.235838 3.291931
v -3.002789 -2.740387 4.156669
v -3.066177 -2.888088 4.199318
v -2.877494 -2.673440 4.046048
v -2.863600 -2.767100 4.041200
v -2.783500 -2.849000 4.052800
v -2.832200 -2.816200 4.041900
v -2.929872 -2.959728 4.177880
v -3.048972 -2.957388 4.213796
v -3.200802 -3.085434 4.399123
v -3.253734 -3.020384 4.387901
v -2.799813 -1.409303 4.952035
v -2.920944 -1.634781 4.912040
v -3.161745 -1.749919 5.084000
v -3.470621 -2.005305 5.222199
v -3.224090 -1.742261 5.179267
v -2.821532 -2.465207 4.032460
v -2.980368 -2.524224 4.235802
v -3.217960 -2.694704 4.453422
v -3.007384 -2.633548 4.209661
v -3.120800 -2.597800 4.404100
v -2.879111 -2.294889 4.260915
v -2.776641 -2.232762 4.131616
v -2.670600 -2.189259 3.996830
v -2.980952 -2.375972 4.396873
v -2.654991 -1.939523 4.245202
v -2.357963 -1.802589 3.872532
v -2.479867 -1.884593 3.995958
v -3.439700 -2.482900 4.865200
v -3.140543 -2.218432 4.719937
v -3.058247 -2.212340 4.620025
v -3.045138 -2.343671 4.508173
v -3.270930 -2.894533 4.411242
v -3.533644 -2.890083 4.650256
v -3.710800 -3.017500 4.771200
v -3.859000 -3.059300 4.886700
v -3.765827 -2.926439 4.873698
v -3.617833 -2.710251 4.874091
v -3.444700 -2.602700 4.754800
v -3.397501 -2.664214 4.648981
v -3.732551 -2.308801 5.237173
v -3.208272 -2.187253 4.847024
v -3.263167 -1.986031 5.025305
v -3.418731 -2.070365 5.111222
v -2.085517 -1.824225 3.396188
v -1.881554 -1.703765 3.152672
v -2.005255 -1.878587 3.165212
v -1.637199 -1.517615 3.002670
v -1.666710 -1.639166 2.877577
v -1.792942 -1.766344 2.954272
v -1.745353 -1.804922 2.889272
v -2.066926 -1.990494 3.182082
v -2.229382 -2.033372 3.396389
v -2.433022 -1.998745 3.733252
v -2.331453 -1.981436 3.571398
v -2.213749 -1.685837 3.751590
v -2.453656 -2.160129 3.611749
v -2.630350 -2.321956 3.743887
v -2.894443 -1.311007 5.177777
v -2.745421 -1.122150 5.163766
v -3.478797 -1.752254 5.510990
v -3.198620 -1.583263 5.337603
v -3.138788 -1.442522 5.394019
v -4.045280 -2.466255 5.486134
v -3.942466 -2.165124 5.623482
v -3.844267 -2.222534 5.481703
v -3.793970 -2.078302 5.547743
v -3.542013 -1.895903 5.457365
v -2.337268 -0.715181 5.172037
v -2.443317 -0.787660 5.178480
v -2.502312 -0.825161 5.321580
v -2.688424 -0.960518 5.356649
v -2.704961 -1.027440 5.231988
v -3.556250 -1.719697 5.733401
v -3.117655 -1.371163 5.461830
v -3.564596 -1.780796 5.597643
v -4.088112 -2.255896 5.813071
v -3.882191 -2.034088 5.799500
v -4.048096 -2.246789 5.703513
v -3.876689 -2.061405 5.690005
v -1.936257 -0.619048 5.147763
v -1.995502 -0.573519 5.107065
v -2.120765 -0.693142 5.236128
v -2.268400 -0.687400 5.198000
v -2.450012 -0.813549 5.348953
v -2.229621 -0.691254 5.238775
v -2.247713 -0.791936 5.325330
v -2.976907 -1.220230 5.667888
v -2.932279 -1.156812 5.568158
v -2.752404 -1.028954 5.522499
v -3.106879 -1.310033 5.585498
v -3.353621 -1.572268 5.833033
v -3.507800 -1.818500 5.904000
v -3.294057 -1.585635 5.851972
v -3.439548 -1.601790 5.784575
v -3.093824 -1.364654 5.771419
v -3.200795 -1.396813 5.735437
v -3.647386 -1.799636 5.825179
v -3.880389 -2.215739 5.991411
v -3.935058 -2.183082 5.982545
v -4.147700 -2.353900 5.971600
v -3.983437 -2.165452 5.950831
v -3.555640 -1.788423 5.895455
v -3.592507 -1.768429 5.862944
v -3.993936 -2.143141 5.894656
v -4.230777 -2.421535 5.915808
v -1.851270 -0.693645 5.134933
v -2.072936 -0.755280 5.243298
v -2.348382 -1.072072 5.402248
v -2.033572 -0.806031 5.227575
v -2.203813 -1.032199 5.301074
v -2.003644 -0.875009 5.204782
v -2.091828 -1.083029 5.199406
v -1.809760 -0.917338 5.083570
v -2.731915 -1.305362 5.640019
v -2.874356 -1.565098 5.676435
v -2.654700 -1.144700 5.594700
v -2.566816 -1.230701 5.536003
v -2.782125 -1.190887 5.663279
v -2.923156 -1.370639 5.742798
v -2.471927 -0.959147 5.472832
v -2.518753 -0.927980 5.468947
v -2.713091 -1.044812 5.564140
v -2.870000 -1.204600 5.686200
v -2.624317 -1.474093 5.501335
v -2.462797 -1.260962 5.436846
v -2.379812 -0.990009 5.430380
v -2.690710 -1.740451 5.432568
v -2.226996 -1.289842 5.205422
v -2.395682 -1.436030 5.289941
v -3.117655 -1.688413 5.782380
v -3.012293 -1.503076 5.770326
v -3.022906 -1.373159 5.777448
v -3.192383 -1.588901 5.834720
v -0.703386 -1.332006 2.975667
v -0.979621 -1.517245 3.102860
v -0.935569 -1.448170 2.930172
v -0.848681 -1.339193 2.982090
v -0.838237 -1.288797 3.116028
v -0.807448 -1.338895 2.921525
v -0.762881 -1.185214 3.130551
v -0.895380 -1.414714 2.831936
v -1.050645 -1.371721 3.616930
v -0.985162 -1.176272 3.743512
v -1.330770 -1.593581 3.763310
v -1.097983 -1.243154 3.836812
v -1.312073 -1.385506 3.957634
v -0.768932 -0.975289 3.520087
v -0.906733 -1.183891 3.574389
v -1.673874 -1.719282 4.158596
v -1.641087 -1.543270 4.332896
v -1.437143 -1.205197 4.363976
v -1.895056 -1.821693 4.430903
v -1.651342 -1.360263 4.513427
v -2.027810 -1.702347 4.725541
v -1.873058 -1.682883 4.555282
v -2.123522 -1.715230 4.849528
v -2.298509 -1.751699 5.000315
v -2.182516 -1.706717 4.925333
v -1.930214 -1.394341 4.848060
v -2.072900 -1.474700 4.935300
v -2.493355 -1.924883 5.090600
v -2.147815 -1.431638 5.012797
v -2.262395 -1.531163 5.064425
v -2.424772 -1.667528 5.166577
v -3.004232 -1.903142 5.625213
v -3.158952 -1.912128 5.735151
v -3.780609 -2.355767 5.944855
v -3.772524 -2.518598 5.886570
v -3.567448 -2.288406 5.850010
v -3.505195 -2.067630 5.877471
v -3.485971 -1.879386 5.897417
v -3.853312 -2.284787 5.982814
v -2.956001 -2.130389 5.466070
v -2.633570 -1.827196 5.316557
v -2.778043 -1.581627 5.594959
v -2.661705 -2.162636 5.120375
v -2.848047 -2.206936 5.313398
v -2.862981 -2.420099 5.142551
v -3.015287 -2.613397 5.139434
v -3.060269 -2.390484 5.407359
v -3.029217 -2.456541 5.322750
v -3.288478 -2.690768 5.407767
v -3.617702 -3.098553 5.402514
v -3.271944 -2.770645 5.311831
v -2.567496 -2.483004 4.677415
v -2.450464 -2.324739 4.690998
v -2.615375 -2.414934 4.869086
v -2.266129 -2.029051 4.742008
v -2.392730 -2.094908 4.872285
v -2.461034 -2.092505 4.968547
v -2.803778 -2.588071 4.945652
v -2.626968 -2.338777 4.967133
v -2.682830 -2.650041 4.627428
v -3.023983 -2.976112 4.766537
v -2.793810 -2.660981 4.838950
v -3.055660 -2.891556 4.922871
v -3.014010 -3.037813 4.502708
v -3.079945 -3.088885 4.456321
v -2.728469 -2.893768 4.278832
v -2.786700 -2.948200 4.227200
v -3.141070 -3.101816 4.419101
v -2.844762 -2.962542 4.190470
v -2.701517 -2.853935 4.089285
v -2.633106 -2.765262 3.951583
v -2.545500 -2.742600 4.003400
v -2.496900 -2.706700 4.038600
v -2.581433 -2.779383 4.151605
v -2.247087 -2.546716 3.823033
v -2.162717 -2.455592 3.885244
v -2.288084 -2.581200 3.778134
v -2.531668 -2.702211 3.837141
v -2.307564 -2.569115 3.697726
v -2.051362 -2.350605 3.561470
v -2.017552 -2.328480 3.623801
v -1.783723 -2.029129 3.886607
v -2.073762 -2.316572 3.988625
v -1.937918 -2.181600 3.909975
v -2.041710 -2.346585 3.763744
v -2.395441 -2.597493 4.100461
v -1.932144 -2.250213 3.716525
v -1.824697 -2.211577 3.391949
v -1.652738 -2.051154 3.225930
v -1.739718 -2.162417 3.459461
v -1.501045 -1.745883 3.892817
v -1.630962 -1.747691 4.053090
v -1.628356 -1.943173 3.815131
v -1.410705 -1.750460 3.672808
v -1.588742 -1.969282 3.689338
v -1.454011 -1.855959 3.560129
v -1.771585 -2.140132 3.689866
v -1.840584 -2.223681 3.580450
v -1.681823 -2.108589 3.543524
v -1.537702 -1.981485 3.382972
v -1.506824 -1.958893 3.064292
v -1.349423 -1.823865 2.977752
v -1.419684 -1.912430 3.152609
v -1.099640 -1.648119 3.098609
v -1.179363 -1.658514 2.847376
v -1.060822 -1.449467 2.624693
v -0.971852 -1.450667 2.754253
v -1.066717 -1.617364 3.000901
v -0.976289 -1.506628 3.176309
v -0.930092 -1.380615 3.326007
v -1.085918 -1.526924 3.433599
v -1.319736 -1.801260 3.361639
v -1.876085 -1.995403 4.121144
v -2.079002 -2.152418 4.265593
v -2.156920 -2.219330 4.357924
v -2.118030 -2.065271 4.518632
v -2.384792 -2.373363 4.554512
v -2.342704 -2.417327 4.433536
v -2.534508 -2.674498 4.385777
v -2.845145 -2.851051 4.575445
v -3.293140 -2.972768 5.103233
v -3.399597 -3.352418 4.882936
v -3.290788 -3.231323 4.901755
v -3.197143 -3.205939 4.770607
v -2.940365 -2.953542 4.551671
v -2.872372 -2.978701 4.386135
v -2.471412 -2.656256 4.253070
v -3.614074 -2.523057 5.772033
v -3.130899 -2.272159 5.535769
v -3.254038 -2.164724 5.691576
v -3.472657 -2.776597 5.510803
v -3.599012 -2.935311 5.513055
v -4.638994 -3.097607 5.750762
v -4.592400 -2.989100 5.842600
v -4.472678 -2.791759 5.791240
v -4.262661 -2.491460 5.772684
v -4.048919 -2.297814 5.626163
v -4.367301 -2.751564 5.621698
v -4.505228 -2.963398 5.632018
v -3.749800 -3.313100 4.729900
v -3.705100 -3.395400 4.721200
v -3.864700 -3.443000 4.868200
v -3.607336 -3.229352 4.628040
v -3.528300 -3.312300 4.601700
v -3.730085 -3.179191 4.737233
v -3.920244 -3.234871 4.876517
v -3.452236 -3.055147 4.524730
v -3.401800 -3.149700 4.496400
v -3.794800 -3.493100 4.885400
v -3.625300 -3.450800 4.746500
v -3.451100 -3.360400 4.625900
v -3.859615 -3.535746 5.031440
v -3.533500 -3.455000 4.792500
v -3.367600 -3.359900 4.671300
v -3.297000 -3.313100 4.715300
v -3.472874 -3.419829 4.845448
v -3.860059 -3.394812 5.411358
v -3.897800 -3.522300 5.300600
v -3.802800 -3.475500 5.189700
v -3.676284 -3.343511 5.204551
v -3.679400 -3.429000 5.080200
v -3.545790 -3.303515 5.091064
v -3.422721 -3.039368 5.197775
v -3.751283 -3.368642 5.288547
v -3.926188 -2.491481 5.303517
v -3.960124 -2.719459 5.148969
v -4.133189 -2.747540 5.333675
v -3.915671 -2.869046 5.016910
v -4.151767 -2.999291 5.153518
v -4.225500 -2.746220 5.461945
v -4.394436 -3.052105 5.428030
v -3.994917 -3.532426 5.425203
v -3.721231 -2.999703 5.581738
v -4.038404 -3.380744 5.612387
v -4.127040 -3.482143 5.612989
v -4.437700 -3.630500 5.251300
v -4.282278 -3.472829 5.105176
v -4.291414 -3.596650 5.137092
v -4.168523 -3.336395 5.028207
v -4.360466 -3.331560 5.206859
v -4.099712 -3.162790 5.015033
v -4.027700 -3.502100 4.978800
v -3.935697 -3.371529 4.883798
v -3.956000 -3.550100 5.003200
v -3.791810 -3.501028 5.070179
v -4.026639 -3.627653 5.304566
v -4.099661 -3.675399 5.223778
v -4.225300 -3.714600 5.350800
v -4.351000 -3.722100 5.291600
v -4.187383 -3.669543 5.151566
v -3.988974 -2.835047 5.872977
v -3.983399 -2.615953 5.967440
v -4.119040 -2.506957 6.030451
v -4.062611 -2.544170 6.014544
v -4.236722 -2.858883 5.982770
v -4.374646 -3.038876 5.960131
v -4.316133 -2.819221 6.009522
v -4.180656 -3.308179 5.752687
v -3.813320 -2.897923 5.720026
v -3.837104 -2.765630 5.810064
v -4.220145 -3.075382 5.885511
v -4.720333 -3.417221 5.733305
v -4.656405 -3.411073 5.827626
v -4.695675 -3.265424 5.814853
v -4.676605 -3.569612 5.694728
v -4.686475 -3.269089 5.644030
v -4.654900 -3.133000 5.841800
v -4.666000 -3.621700 5.582900
v -4.710981 -3.465652 5.597096
v -4.634449 -3.502199 5.434448
v -4.632200 -3.639300 5.498000
v -4.631115 -3.318912 5.504373
v -4.567745 -3.644761 5.391675
v -4.538360 -3.346857 5.374334
v -4.506104 -3.509841 5.290393
v -4.546461 -3.655196 5.662681
v -4.518200 -3.710000 5.557000
v -4.462413 -3.741340 5.428506
v -4.382629 -3.648854 5.631737
v -4.321681 -3.714846 5.481944
v -4.235185 -3.624399 5.569180
v -4.384219 -2.802363 6.005277
v -4.510311 -2.942945 5.962537
v -4.334883 -2.611820 5.985142
v -4.180165 -2.478281 6.022190
v -4.480200 -2.796906 5.920524
v -4.522616 -3.105357 5.953267
v -4.515699 -3.275697 5.903251
v -4.606288 -3.086979 5.912780
v -4.611021 -3.291751 5.890424
v -4.520377 -3.515364 5.788042
v -4.293491 -3.496842 5.708230
v -4.395215 -3.274346 5.870564
v 0.770595 1.919192 4.974747
v 0.714241 1.835530 5.112509
v 0.707547 1.987666 5.139085
v 0.746516 1.836899 4.934100
v 0.716005 2.100435 4.838667
v 0.636036 2.160133 5.132651
v 0.736518 2.103243 4.978977
v 0.493678 2.540262 4.996372
v 0.630317 2.216187 4.981698
v 0.595609 2.480134 4.768174
v 0.416408 2.296089 5.309655
v 0.589766 2.128741 5.239061
v 0.519826 2.290507 5.210985
v 0.525639 1.845509 5.375374
v 0.659953 1.826389 5.240709
v 0.555179 2.026438 5.324823
v 0.621530 1.458215 5.210392
v 0.735629 1.633866 5.100283
v 0.702515 1.725288 5.176345
v 0.577589 1.660022 5.315858
v 0.544822 1.501575 5.311258
v 0.802537 1.555952 4.894872
v 0.788734 1.829665 4.728790
v 0.866602 1.497632 4.605812
v 0.861504 1.672710 4.555368
v 0.724500 2.248415 4.495726
v 0.730565 2.087217 4.671728
v 0.650888 2.323306 4.805836
v 0.660284 2.418098 4.568781
v 0.774955 1.713930 4.966078
v 0.756028 1.968475 4.824565
v 0.308202 2.113490 5.447638
v 0.360342 1.872697 5.472449
v 0.282089 2.367123 5.356881
v 0.268294 1.586401 5.512506
v 0.364140 1.394375 5.416465
v 0.429839 1.626307 5.434392
v 0.392587 1.178808 5.262643
v 0.510051 1.318073 5.264253
v 0.579526 1.237634 5.137652
v 0.710158 1.421271 5.052251
v 0.800358 1.344594 4.777563
v 0.837049 1.874866 4.341239
v 0.877628 1.640929 4.413548
v 0.852223 1.200775 4.363403
v 0.884846 1.288170 4.250760
v 0.690177 2.324047 4.255692
v 0.590541 2.521635 4.307635
v 0.660615 2.430683 4.427402
v 0.492435 2.707698 4.679102
v 0.451408 2.775426 4.767643
v 0.430403 2.803289 4.537746
v 0.466795 2.662527 4.264361
v 0.455552 2.602746 5.014719
v 0.301826 2.613716 5.197913
v 0.350269 2.644001 5.127462
v 0.260793 2.842221 5.126831
v 0.188074 2.655022 5.252635
v 0.897057 1.398167 4.179931
v 0.882288 1.165475 4.169459
v 0.817435 1.847733 4.062787
v 0.719183 1.129801 4.757595
v 0.593223 1.076433 4.949269
v 0.638916 1.029013 4.805861
v 0.783626 1.133820 4.563922
v 0.691151 1.249965 4.967107
v 0.803351 1.018246 4.349326
v 0.709128 0.906308 4.444241
v 0.522688 0.918309 4.843576
v 0.443100 1.060112 5.117488
v 0.606335 0.785387 4.470772
v 0.566321 0.622115 4.336871
v 0.300141 0.894595 5.014471
v 0.294654 0.776049 4.834442
v 0.231190 1.040636 5.212607
v 0.345790 0.631334 4.533952
v 0.407001 0.855818 4.882780
v 0.482704 0.675265 4.477877
v 0.212253 0.508573 4.420306
v 0.746725 2.101397 4.093181
v 0.771664 2.126011 4.291525
v 0.620711 2.291201 3.970575
v 0.679054 2.243754 4.059704
v 0.540477 2.523366 4.150413
v 0.191464 2.863329 4.345069
v 0.305404 2.851947 4.391960
v 0.385319 2.605654 4.035008
v 0.292278 2.907016 4.464385
v 0.381704 2.910028 4.627535
v 0.094943 2.966287 4.435918
v 0.225872 3.003497 4.515255
v 0.388139 2.828257 4.946872
v 0.333287 3.067617 4.926642
v 0.155980 2.819828 5.204998
v 0.524181 2.340837 3.841569
v 0.365408 2.462868 3.793468
v 0.245015 2.639581 3.999854
v 0.758597 1.886502 3.856913
v 0.676864 1.984026 3.739774
v 0.821155 1.716812 3.843997
v 0.891954 1.470248 3.899529
v 0.899515 1.436159 3.782338
v 0.912776 1.324868 3.953744
v 0.938159 1.202790 3.855592
v 0.911328 1.183818 4.014533
v 0.849377 1.036529 4.210831
v 0.900966 1.024768 4.040376
v 0.726207 0.747753 4.260672
v 0.920475 0.850374 3.979681
v 0.860151 0.774112 4.075080
v 0.471306 0.540380 4.328746
v 0.666088 0.565350 4.212036
v 0.619456 0.446973 4.187375
v 0.787426 0.759493 4.176305
v 0.306563 0.423714 4.302880
v 0.435599 0.359913 4.222761
v 0.441150 0.212962 4.154027
v 0.374012 0.051336 4.098080
v 0.443266 2.073855 3.403802
v 0.558475 1.989305 3.489692
v 0.433521 2.244488 3.592723
v 0.265344 2.210801 3.380251
v 0.699018 1.872360 3.654563
v 0.654420 1.834747 3.459740
v 0.839067 1.593895 3.628481
v 0.742048 1.704906 3.439650
v 0.934621 1.330788 3.708999
v 0.923334 1.420891 3.507670
v 0.972698 1.160609 3.740213
v 0.938296 1.003848 3.932270
v 0.991815 0.961670 3.804068
v 1.096038 0.520542 3.692947
v 0.987559 0.810242 3.853824
v 0.791955 0.544046 4.093262
v 0.927889 0.401795 3.937023
v 0.953182 0.643201 3.918441
v 0.511737 0.132414 4.148200
v 0.595423 0.286675 4.161014
v 0.781199 0.219181 4.192832
v 0.722918 0.327768 4.130240
v 0.898695 0.226138 4.132397
v 0.968147 0.236746 3.992197
v 0.991071 0.260172 3.881903
v 0.796072 0.375985 4.065060
v 0.466447 0.032824 4.111337
v 0.297238 3.155168 4.701241
v 0.347756 3.014831 4.672145
v 0.364262 2.966585 4.826679
v 0.354072 3.052297 4.766162
v 0.306083 3.265907 4.893801
v 0.268332 3.198850 4.994968
v 0.228363 3.132509 5.062464
v 0.285391 3.404964 4.865632
v 0.237218 3.705624 4.917737
v 0.201216 3.784358 4.970946
v 0.159815 4.084824 4.792183
v 0.159731 4.019915 4.966629
v 0.129547 4.581299 4.854051
v 0.193603 4.092151 4.884563
v 0.140541 4.221717 4.776946
v 0.089655 4.658313 4.905729
v 0.133936 4.434504 4.915412
v 0.241296 3.484196 4.771965
v 0.266134 3.384323 4.791819
v 0.080369 4.590455 4.735304
v 0.100024 4.713178 4.774957
v 0.072572 3.365588 4.636491
v 0.181119 3.361682 4.678357
v 0.238903 3.352833 4.724735
v 0.199434 3.157300 4.607445
v 0.188089 3.571950 4.731367
v 0.142742 3.144754 5.128341
v 0.151409 3.821796 5.020242
v 0.079747 4.377523 4.978643
v 0.397671 1.996938 3.219518
v 0.447786 1.800033 2.852770
v 0.407809 1.899049 3.048588
v 0.304992 1.798110 2.733616
v 0.508446 1.898670 3.226440
v 0.608567 1.812331 3.256295
v 0.663691 1.716451 3.005397
v 0.679572 1.745095 3.272121
v 0.758618 1.654943 3.217802
v 0.874640 1.520843 3.319470
v 0.987050 1.283882 3.511546
v 0.978212 1.374629 3.302237
v 1.118960 1.224586 3.012966
v 1.051919 1.035236 3.606163
v 1.225869 0.876585 3.258904
v 1.153333 0.578151 3.574267
v 1.204342 0.699517 3.435274
v 1.047559 0.267867 3.758973
v 1.088967 0.092554 3.670526
v 1.162165 0.372994 3.555660
v 1.127219 -0.082011 3.720108
v 1.119960 -0.099976 3.643787
v 1.061388 0.086783 3.803270
v 0.119603 -0.424057 3.906157
v 0.458472 -0.516102 3.776932
v 0.423861 -0.352520 3.891913
v 0.353594 -0.155359 4.006441
v 0.415663 -0.128863 4.023935
v 0.479826 -0.359115 3.904376
v 0.532616 -0.420901 3.867437
v 0.518295 -0.316819 3.978152
v 0.490319 -0.708902 3.629000
v 0.564039 -0.653618 3.654430
v 0.693862 -0.908107 3.442868
v 0.658110 -0.595809 3.781775
v 0.807989 -1.373965 2.882945
v 0.666133 -1.220699 3.099298
v 0.735093 -1.355476 2.934414
v 0.895034 -1.400648 2.945249
v 0.812544 -1.252630 3.094804
v 0.784245 -1.147489 3.242964
v 0.723703 -1.097034 3.221759
v 0.792611 -1.292772 2.990548
v 0.900618 -1.420722 2.819308
v 0.654323 -1.501471 2.840772
v 0.755362 -1.545807 2.695118
v 0.930310 -1.462428 2.609708
v 0.854757 -1.440931 2.756376
v 0.983164 -1.444464 2.664846
v 0.570313 -0.952873 3.395179
v 0.663247 -1.105251 3.213071
v 0.491059 -1.015320 3.380401
v 0.631838 -0.910001 3.413017
v 0.955503 -1.486812 2.530911
v 1.094658 -1.496325 2.281713
v 1.058988 -1.419285 2.434167
v 1.054565 -1.415129 2.517128
v 1.144032 -1.401330 2.501885
v 1.199954 -1.357821 2.454880
v 0.682544 -1.742205 2.479731
v 0.459018 -1.517875 2.956550
v 0.332818 -1.543018 2.997343
v 0.358117 -1.674743 2.829255
v 0.480842 -1.726975 2.688495
v 0.795548 -1.749912 2.346977
v 1.177959 -1.614917 1.923590
v 0.907597 -1.659054 2.336555
v 0.358621 -1.831862 2.611920
v 0.589080 -1.789784 2.499076
v 0.520504 -1.398718 3.039834
v 0.352922 -1.324861 3.207493
v 0.199228 -1.487504 3.100166
v 0.285968 -0.993258 3.504850
v 0.227698 -1.227442 3.331940
v 0.055221 -0.624927 3.797684
v 0.284231 -0.616604 3.760589
v 0.269085 -0.849523 3.613698
v 1.209407 -1.267458 2.285340
v 1.266230 -1.404643 2.035523
v 1.176636 -1.406813 2.236099
v 1.327554 -1.235719 2.069553
v 1.317633 -1.023796 2.242988
v 1.292247 -1.052039 2.364914
v 1.253097 -1.168829 2.335847
v 1.190467 -1.299570 2.375737
v 1.307375 -1.182676 2.484294
v 1.261126 -1.281592 2.434473
v 1.332446 -1.287832 1.960969
v 1.410783 -0.661984 2.197056
v 1.294490 -0.902385 2.476512
v 1.396923 -0.985904 2.057132
v 1.436700 -0.560400 1.977600
v 1.441507 -0.712992 1.981903
v 1.448781 -0.386229 2.135022
v 1.442803 -0.479944 2.181692
v 1.427035 -0.880717 1.997440
v 1.388080 -1.108074 1.913085
v 1.407220 -0.956727 1.766069
v 1.378472 -1.192152 1.708884
v 1.409965 -0.837394 1.717529
v 1.297474 -1.022935 2.515165
v 1.295626 -0.979437 2.683146
v 1.344848 -1.100563 2.634439
v 1.312735 -0.795334 2.466802
v 1.370980 -0.456696 2.524648
v 1.234675 -0.796115 2.784426
v 1.459922 -0.166865 2.282779
v 1.436075 -0.281650 2.376512
v 1.454428 0.041562 2.338585
v 1.401724 -0.198176 2.603334
v 1.245137 -0.704757 2.750835
v 1.368507 -0.204267 2.721314
v 1.234281 -0.392129 3.022784
v 1.224854 -0.635665 3.013734
v 1.156082 -0.378526 3.342004
v 1.425133 0.019937 2.624916
v 1.370136 0.385722 2.901965
v 1.387475 0.216403 2.880817
v 1.372160 0.027566 2.859524
v 1.172297 -0.222567 3.309069
v 1.247953 -0.042338 3.222309
v 1.304703 0.151508 3.148690
v 1.242265 0.228988 3.362431
v 1.133224 -0.024020 3.527822
v 1.118174 -0.087080 3.556068
v 1.198947 -0.484175 3.078257
v 1.323191 0.346960 3.125505
v 1.275889 0.525338 3.273640
v 1.295041 0.726220 3.103127
v 1.331362 0.728066 2.838001
v 1.273463 0.868475 3.056692
v 1.197141 1.036260 3.150802
v 1.434700 0.289657 2.369803
v 1.404500 0.341847 2.712265
v 1.407660 0.457876 2.527570
v 1.439769 0.148194 2.492410
v 1.440234 0.006800 2.148140
v 1.410810 -0.063475 1.973466
v 1.429088 0.178678 2.195936
v 1.415302 -0.430429 1.853779
v 1.407358 -0.331837 1.846619
v 1.401272 -0.618085 1.747166
v 1.356749 -0.450089 1.622596
v 1.329510 -0.410167 1.546708
v 1.048278 -1.939190 1.656780
v 1.295125 -1.511351 1.613204
v 1.281803 -1.398213 1.337309
v 1.389968 -1.115862 1.586131
v 1.355195 -1.323852 1.603788
v 0.985435 -1.782863 2.036197
v 0.881828 -1.912147 2.002998
v 0.745722 -2.061404 1.951707
v 1.034134 -1.854591 1.842755
v 0.593485 -2.068395 2.082159
v 0.495560 -1.957978 2.316237
v 0.391473 -2.034793 2.258023
v 1.330827 -0.808149 1.347322
v 1.349579 -0.674186 1.454687
v 1.370752 -0.928010 1.525778
v 1.315952 -0.980852 1.285844
v 1.249806 -1.273857 1.168994
v 1.309064 -1.065720 1.273544
v 1.361677 0.647477 2.547671
v 1.209297 1.084443 2.842983
v 1.252346 0.968957 2.622125
v 1.169055 1.100828 2.529197
v 1.114095 1.236583 2.737548
v 1.037110 1.328278 2.690471
v 1.007775 1.386071 2.928706
v 0.935039 1.393175 2.525907
v 0.875192 1.513717 2.808636
v 0.787339 1.462488 2.379678
v 0.735600 1.585843 2.643782
v 0.553589 1.762028 2.889277
v 0.636689 1.529350 2.319025
v 0.410886 1.614927 2.280425
v 0.547072 1.635761 2.490811
v 1.362977 0.585584 2.347503
v 1.405514 0.420987 2.330111
v 1.280171 0.754590 2.190250
v 1.252072 0.875606 2.317942
v 1.375994 0.112719 1.955000
v 1.347479 0.467197 2.051897
v 1.344603 0.340147 1.908001
v 1.302197 0.450397 1.897657
v 1.342385 -0.197793 1.690052
v 1.307885 -0.068014 1.625744
v 1.289973 -0.303014 1.489821
v 1.242091 -0.037396 1.482433
v 1.224586 -0.539002 1.218350
v 1.205855 -0.462618 1.224534
v 1.193230 -0.258301 1.312081
v 1.184170 -1.083915 1.044512
v 1.126514 -0.737747 0.984095
v 1.196877 -0.873316 1.104738
v 1.207748 0.916294 2.215924
v 1.088056 0.913480 1.926559
v 1.098153 1.022155 2.116637
v 1.021624 1.097386 2.070510
v 0.930351 1.307536 2.292474
v 1.076703 1.198434 2.410407
v 0.943370 0.944775 1.739989
v 0.843012 1.163985 1.899004
v 0.690785 1.176642 1.745175
v 0.725143 1.374039 2.101728
v 0.583959 1.195516 1.677789
v 0.563844 1.369654 1.921261
v 0.397978 1.463763 1.949861
v 0.589779 1.467175 2.123784
v 1.279151 0.214611 1.709777
v 1.130849 0.378963 1.523739
v 1.133085 0.542758 1.647598
v 1.272967 0.623788 1.997245
v 0.984979 0.128362 1.193164
v 1.140434 0.173006 1.428653
v 1.067208 -0.055418 1.234518
v 1.128922 -0.495791 1.085825
v 0.980857 -0.392494 0.946426
v 0.979536 -0.095460 1.110313
v 1.063409 -1.011332 0.746098
v 1.036518 -0.654166 0.898155
v 0.909438 -0.749051 0.692796
v 0.929420 -0.603917 0.815627
v 0.971953 0.560978 1.448330
v 1.072643 0.743962 1.714308
v 0.919098 0.731040 1.503622
v 0.705748 0.799454 1.358171
v 0.700115 0.935465 1.482312
v 0.526953 0.900725 1.321773
v 0.549075 1.032124 1.461841
v 0.427767 0.997375 1.360012
v 0.411461 1.211739 1.580716
v 0.854121 0.181686 1.100975
v 0.879856 0.436907 1.281515
v 0.951306 -0.283982 0.976175
v 0.748299 -0.505346 0.708796
v 0.777052 -0.429405 0.779193
v 0.566399 0.372866 1.014842
v 0.623811 0.660673 1.199954
v 0.724814 0.646147 1.258056
v 0.380580 0.449911 0.967046
v 0.478380 0.803412 1.213918
v 0.656853 0.316714 1.030117
v 0.719343 0.065159 0.938287
v 0.747435 -0.110800 0.877479
v 0.510751 -0.084552 0.740406
v 0.521706 0.056428 0.818752
v 0.636006 -0.464603 0.610934
v 0.429219 -0.380864 0.580795
v 0.645879 -0.333605 0.703078
v 0.437627 0.237036 0.889852
v 0.312380 0.026141 0.760340
v 0.218046 0.048031 0.752397
v 0.105896 -0.554898 0.470709
v 0.331768 -0.262601 0.616298
v 0.552117 -2.581548 1.490714
v 0.504871 -2.395072 1.731121
v 0.433132 -2.634154 1.525906
v 0.682539 -2.582278 1.350528
v 0.938722 -2.314370 1.214943
v 0.771101 -2.538172 1.269555
v 0.833158 -2.578693 1.091187
v 0.859029 -2.423867 1.252318
v 0.960548 -2.209315 0.925750
v 1.114753 -1.937054 1.066440
v 1.085164 -2.059479 1.166775
v 0.880418 -2.401507 0.839308
v 0.977466 -2.254500 1.106575
v 0.935972 -2.166244 0.796947
v 1.039257 -1.869299 0.792332
v 0.816938 -2.610673 0.794534
v 0.790056 -2.385332 0.618971
v 0.770641 -1.980469 0.465271
v 0.903338 -1.875326 0.593681
v 0.738880 -2.167436 0.517333
v 0.899136 -2.085370 0.684939
v 0.796834 -1.796270 0.383116
v 0.849409 -1.707836 0.409177
v 0.737031 -1.616115 0.310927
v 0.663639 -2.023396 0.389337
v 0.928946 -1.572319 0.542083
v 0.701954 -1.762929 0.308723
v 0.525640 -1.724869 0.259270
v 0.610573 -1.530121 0.307465
v 0.730043 -1.476072 0.341379
v 0.634832 -2.207568 1.856384
v 0.481258 -2.200443 1.971147
v 0.802320 -2.137844 1.762058
v 0.713719 -2.307743 1.640335
v 0.822200 -2.265095 1.531628
v 1.232893 -1.627193 1.687982
v 1.197435 -1.732151 1.482999
v 1.088903 -2.024797 1.316282
v 1.081500 -1.966161 1.466960
v 0.978897 -2.165849 1.388129
v 1.180828 -1.812348 1.336345
v 1.246464 -1.604897 1.352783
v 1.209599 -1.586197 1.133273
v 1.178857 -1.403753 1.013749
v 1.299673 -1.200782 1.288812
v 1.124267 -1.609585 0.867963
v 1.108157 -1.783938 0.955951
v 1.104663 -1.207617 0.822397
v 1.065692 -1.635742 0.759524
v 1.117791 -1.427655 0.799961
v 0.973893 -1.172410 0.618654
v 0.931719 -0.916984 0.637235
v 0.949162 -1.380034 0.565122
v 0.855952 -1.018798 0.517721
v 0.859592 -1.507310 0.445881
v 0.867921 -1.329190 0.490392
v 0.846161 -1.134511 0.419580
v 0.845051 -1.183358 0.515850
v 0.892287 -0.892269 0.469099
v 0.886110 -0.806075 0.495321
v 0.769816 -0.664905 0.570153
v 0.898586 -0.812029 0.592892
v 0.856939 -1.349656 0.377864
v 0.925427 -1.433287 0.332970
v 0.878763 -1.395419 0.264426
v 0.646321 -0.564742 0.527076
v 0.843854 -0.831138 0.360160
v 0.435850 -0.591131 0.441739
v 0.406155 -0.545215 0.485073
v 0.646586 -0.683526 0.392035
v 0.173314 -0.636852 0.438976
v 0.246460 -0.657867 0.415973
v 0.330831 -1.802642 0.255327
v 0.244299 -2.117002 0.266276
v 0.505801 -2.070103 0.331326
v 0.702522 -1.422243 0.268171
v 0.738649 -1.344759 0.221159
v 0.674266 -1.366416 0.122349
v 0.718008 -1.293517 0.112645
v 0.676766 -1.453868 0.199055
v 0.952767 -1.214721 0.335857
v 0.941245 -1.329270 0.345233
v 0.915458 -1.014147 0.384983
v 0.925917 -0.973738 0.345237
v 0.828377 -1.273545 0.233649
v 0.949746 -1.287763 0.250647
v 0.857768 -1.169979 0.219025
v 0.906165 -1.252860 0.218552
v 0.836904 -0.975239 0.256957
v 0.909960 -1.036306 0.265443
v 0.682324 -0.824842 0.333113
v 0.823880 -1.374014 0.264428
v 0.809820 -1.522853 0.372365
v 0.527283 -0.920092 0.119858
v 0.476561 -0.791184 0.242329
v 0.457405 -0.675874 0.328018
v 0.564839 -0.776408 0.275478
v 0.300788 -0.735828 0.340482
v 0.393024 -0.995312 0.234316
v 0.714033 -0.977582 0.186750
v 0.684938 -1.114846 0.107412
v 0.598215 -0.959305 0.171912
v 0.746520 -0.982384 0.262767
v 0.751996 -1.084794 0.270880
v 0.755268 -1.180197 0.160812
v 0.760511 -1.263972 0.206615
v 0.560496 -1.386744 0.176407
v 0.644198 -1.279203 0.098674
v 0.596028 -1.171731 0.121803
v 0.615169 -1.440932 0.162334
v 0.524511 -1.501064 0.293050
v 0.351190 -1.502656 0.236579
v 0.415018 -1.480654 0.256389
v 0.559830 -1.006957 0.089106
v 0.487707 -1.393917 0.156821
v 0.503974 -1.349285 0.064544
v 0.424864 -1.444841 0.102785
v 0.500494 -1.219669 -0.000399
v 0.557550 -1.167589 0.066285
v 0.424766 -0.885820 0.198799
v 0.468832 -1.018934 0.062291
v 0.424073 -1.200707 0.016412
v 0.406904 -1.348696 0.037433
v 0.310688 -1.455318 0.215830
v 0.383795 -1.292555 0.071463
v 0.395213 -0.829191 0.276419
v 0.399166 -1.097070 0.097577
v 0.193309 -0.889387 0.340276
v 0.294465 -1.063582 0.234828
v 0.405293 -1.383663 0.212638
v 0.377980 -1.338701 0.257327
v 0.251710 -1.289918 0.220630
v 0.312655 -1.200187 0.204684
v 0.436667 -1.111233 0.209669
v 0.431109 -1.248586 0.189415
v 0.177270 -1.055035 0.263356
v 0.201317 -2.274909 0.286164
v 0.344272 -2.307442 0.327228
v 0.205330 -2.602544 0.315501
v 0.522491 -2.257412 0.371615
v 0.338826 -2.529646 0.336279
v 0.484733 -2.486837 0.379256
v 0.570044 -2.689690 0.514576
v 0.406485 -2.705588 0.412005
v 0.657159 -2.478803 0.516883
v 0.649940 -2.654005 0.569955
v 0.767013 -2.571398 0.677730
v 0.701780 -2.888778 0.643926
v 0.826071 -2.662366 0.867878
v 0.839813 -2.615390 0.954421
v 0.714635 -2.763734 1.149371
v 0.784509 -2.764563 1.020135
v 0.668143 -2.986750 1.076365
v 0.728121 -2.909948 1.034913
v 0.529496 -2.802064 1.308185
v 0.574756 -2.984686 1.160119
v 0.419837 -2.971049 1.263916
v 0.484674 -3.102578 1.164894
v 0.227349 -3.238920 1.184764
v 0.320362 -3.091817 1.235722
v 0.295272 -3.997489 0.826379
v 0.297790 -4.265719 0.741343
v 0.395409 -4.036531 0.778838
v 0.464636 -3.848188 0.825300
v 0.596532 -4.106596 0.573186
v 0.499154 -4.065046 0.705292
v 0.668281 -3.732192 0.647499
v 0.707365 -3.939970 0.509552
v 0.714629 -3.838617 0.481718
v 0.689997 -3.887961 0.404343
v 0.566722 -3.704038 0.420416
v 0.642255 -4.131947 0.311392
v 0.595587 -3.498931 0.508665
v 0.444753 -3.796613 0.367601
v 0.312205 -3.714821 0.334787
v 0.261288 -3.473843 0.367271
v 0.119433 -3.449828 0.333478
v 0.355588 -3.394912 1.097916
v 0.314441 -3.671842 0.981036
v 0.494477 -3.561741 0.962932
v 0.626245 -3.528915 0.876566
v 0.636692 -3.295774 0.977938
v 0.536162 -3.423564 1.005939
v 0.585923 -3.806848 0.743657
v 0.714715 -3.333879 0.828416
v 0.763537 -3.030030 0.857563
v 0.679394 -3.429952 0.862756
v 0.677271 -3.603099 0.716948
v 0.737018 -3.107279 0.724280
v 0.704683 -3.276256 0.668179
v 0.678097 -3.568478 0.549193
v 0.693532 -3.565886 0.616951
v 0.643254 -3.272414 0.597605
v 0.569644 -2.995733 0.532792
v 0.547648 -3.254023 0.515422
v 0.343119 -3.006030 0.407836
v 0.460237 -3.458894 0.443475
v 0.372073 -3.244269 0.423265
v 0.183969 -3.102949 0.357144
v 0.225160 -4.297813 0.191359
v 0.410231 -4.195152 0.292407
v 0.287343 -4.554688 0.163076
v 0.401202 -4.595821 0.179964
v 0.608328 -4.560230 0.197696
v 0.321404 -4.757346 0.152426
v 0.583857 -4.709479 0.172779
v 0.457372 -4.820605 0.176966
v 0.727538 -4.206908 0.388868
v 0.703262 -4.337124 0.418197
v 0.693926 -4.521734 0.314446
v 0.690227 -4.398507 0.268922
v 0.703324 -4.110170 0.338681
v 0.638156 -4.657417 0.352227
v 0.654776 -4.649462 0.232871
v 0.562249 -4.809133 0.244510
v 0.517112 -4.626072 0.451718
v 0.524132 -4.811460 0.342898
v 0.493997 -4.423301 0.571488
v 0.558663 -4.368016 0.523353
v 0.304072 -4.464731 0.672670
v 0.401049 -4.419856 0.649236
v 0.265601 -4.656053 0.595648
v 0.381223 -4.622121 0.568853
v 0.286171 -4.832121 0.489075
v 0.428431 -4.905351 0.325984
v 0.390642 -4.923093 0.235838
v 0.148644 -5.013249 0.188444
v 0.155072 -4.921479 0.128510
v 0.226859 -4.933516 0.411602
v 0.089752 -5.061512 0.280650
v 0.693416 0.143998 4.221169
v 0.811768 0.095873 4.279153
v 0.983360 0.070128 4.312894
v 1.041918 0.106380 4.219008
v 0.622792 0.067836 4.211473
v 0.590352 -0.032348 4.189273
v 0.489681 -0.122121 4.075414
v 0.687310 -0.213280 4.237955
v 0.848128 -0.190676 4.374367
v 0.847371 -0.089291 4.368773
v 1.147678 0.018050 4.062022
v 1.053798 0.133097 4.028658
v 0.665796 -0.339290 4.166115
v 0.685666 -0.527477 4.018036
v 0.748777 -0.731354 3.779814
v 0.744973 -0.912603 3.553137
v 0.981115 -0.951437 3.950048
v 0.988969 -0.876201 4.046475
v 0.904276 -0.725358 4.140316
v 1.016212 -1.523616 3.270698
v 1.075426 -1.451133 3.545401
v 0.933989 -1.335825 3.414835
v 0.879419 -1.286872 3.329564
v 1.014461 -1.562283 3.138604
v 0.925894 -1.429555 3.165034
v 0.988625 -1.484354 2.820568
v 1.065241 -1.617080 3.017490
v 1.029654 -1.485943 2.737065
v 1.106172 -1.445985 2.577836
v 1.233791 -1.684660 2.832515
v 1.362694 -1.732402 2.807095
v 1.278361 -1.786006 3.039826
v 1.126838 -1.650523 2.924772
v 1.022569 -1.279712 3.688373
v 0.873100 -1.098672 3.610303
v 0.979412 -1.132468 3.779706
v 1.312502 -1.469546 2.566578
v 1.405899 -1.654081 2.712891
v 1.392006 -1.237000 2.636053
v 1.366703 -1.388454 2.568646
v 1.558121 -1.580597 2.759539
v 1.465090 -1.599007 2.680223
v 1.462399 -1.204064 2.814327
v 1.570804 -1.428389 2.926108
v 1.578906 -1.535126 2.815299
v 1.350635 -1.004870 2.820165
v 1.287159 -0.828168 2.921246
v 1.401103 -1.048414 3.059439
v 1.201627 -0.476270 3.438352
v 1.362120 -0.766162 3.348769
v 1.189971 -0.507216 3.174239
v 1.309179 -0.773630 3.109494
v 1.181856 -0.191886 3.668323
v 1.168153 -0.355820 3.499550
v 1.495193 -1.876374 2.901641
v 1.564518 -1.963620 3.004507
v 1.598349 -1.909184 2.900894
v 1.696441 -1.849748 2.865619
v 1.888025 -1.974398 3.041702
v 1.798910 -2.037314 3.072380
v 1.692828 -2.052574 3.157108
v 1.612341 -2.032281 3.267624
v 1.406699 -1.903247 3.166575
v 1.178576 -1.708434 3.181425
v 1.481659 -1.941932 3.040138
v 1.776697 -1.810234 2.918848
v 1.520342 -1.233557 3.128320
v 1.611282 -1.470704 3.009109
v 1.401489 -0.900502 3.249615
v 1.431994 -1.119887 3.063651
v 1.392327 -0.727562 3.540915
v 1.476263 -0.910245 3.435785
v 1.337916 -0.566586 3.612515
v 1.346589 -0.259928 3.928072
v 1.390124 -0.459380 3.786613
v 1.487881 -0.775865 3.739112
v 1.603536 -0.913131 3.784840
v 1.814426 -1.259246 3.636555
v 1.571081 -0.975559 3.562880
v 1.601643 -1.066688 3.489729
v 1.210589 -0.078658 3.987410
v 1.169079 -0.092656 4.494136
v 1.271274 -0.095892 4.466604
v 1.123023 0.059949 4.213342
v 1.677936 -0.385560 4.476085
v 1.270403 -0.062066 4.228618
v 1.421947 -0.240117 4.113780
v 0.923571 -0.052160 4.403061
v 1.287756 -0.360079 4.748030
v 1.005317 -0.040017 4.423172
v 0.832144 -0.279292 4.347146
v 0.743292 -0.471338 4.180336
v 0.814635 -0.590464 4.173426
v 1.097580 -0.817614 4.339762
v 0.864207 -0.438652 4.345776
v 1.122053 -1.210450 3.898637
v 1.325726 -1.546009 3.811318
v 1.316117 -1.376228 3.973729
v 1.368797 -1.838699 3.391398
v 1.149364 -1.031926 4.101654
v 1.424876 -1.206595 4.344721
v 1.180901 -0.981698 4.221891
v 1.353991 -0.919543 4.656607
v 1.142608 -0.773906 4.476129
v 1.188515 -0.729021 4.586416
v 1.495556 -1.666268 3.966498
v 1.370134 -1.684342 3.703563
v 1.787977 -2.031980 3.884126
v 1.670924 -1.974686 3.824396
v 1.540171 -1.820832 3.856587
v 1.677639 -1.832973 4.008950
v 1.536460 -1.979224 3.383234
v 1.744360 -2.166777 3.471737
v 1.931812 -2.232529 3.271563
v 2.151600 -2.361200 3.466200
v 1.868844 -2.234487 3.357680
v 1.996783 -2.293554 3.785602
v 1.646562 -2.070035 3.572467
v 1.908347 -2.220642 3.746705
v 1.799829 -2.168236 3.686121
v 1.892957 -2.119694 3.131507
v 2.025915 -2.208203 3.225669
v 2.074018 -2.134235 3.192033
v 2.099172 -2.047536 3.200992
v 2.252600 -2.254700 3.402000
v 2.211495 -2.316351 3.418645
v 1.643350 -1.286672 3.309815
v 1.883945 -1.557108 3.423663
v 1.707196 -1.471217 3.175813
v 2.102659 -1.845741 3.395505
v 1.720258 -1.693476 2.908575
v 1.928446 -1.775385 3.135693
v 2.059052 -1.930475 3.204654
v 2.229254 -2.034112 3.395723
v 2.267659 -2.161337 3.394875
v 1.806908 -1.139648 3.831455
v 2.023200 -1.398638 3.869265
v 1.970653 -1.459816 3.649386
v 1.525827 -0.350254 4.160069
v 1.548747 -0.512438 4.031577
v 1.664635 -0.791030 4.011371
v 2.023178 -1.063428 4.278698
v 2.207116 -1.294871 4.317447
v 2.086800 -1.215000 4.185300
v 1.908000 -1.074349 4.055464
v 2.006793 -0.670892 4.598682
v 2.069745 -0.824833 4.584163
v 1.933600 -0.763600 4.422000
v 1.876920 -0.631406 4.428540
v 1.734260 -0.576676 4.291920
v 1.731100 -0.692639 4.212060
v 1.726781 -0.477890 4.398129
v 1.525807 -0.248533 4.521286
v 1.747615 -0.389043 4.690591
v 1.793052 -0.447168 4.584076
v 1.831430 -0.835715 4.234688
v 2.022100 -0.896965 4.428803
v 2.249771 -1.025315 4.649909
v 2.181481 -1.058383 4.498941
v 2.475162 -1.269359 4.705337
v 2.269118 -0.775237 4.906629
v 2.421546 -0.908396 4.961812
v 2.264217 -0.864627 4.810468
v 2.013703 -0.511662 4.813175
v 2.150166 -0.619592 4.987139
v 1.967257 -0.566431 4.631629
v 2.822127 -1.427616 4.962759
v 2.764661 -1.134100 5.177046
v 3.172150 -1.465894 5.417927
v 3.204619 -1.608181 5.317948
v 2.908579 -1.398895 5.107212
v 2.414515 -0.759950 5.192616
v 2.611776 -0.901461 5.377684
v 2.512466 -0.885560 5.128818
v 2.829721 -1.133642 5.294373
v 3.135122 -1.345912 5.565895
v 2.675055 -0.957443 5.326424
v 2.784920 -1.040216 5.510872
v 2.989880 -1.253232 5.706477
v 3.053790 -1.266528 5.663943
v 3.110976 -1.311508 5.604049
v 2.432613 -1.632618 4.223481
v 2.155313 -1.371652 4.090976
v 2.469803 -1.620576 4.354291
v 2.649977 -1.868891 4.367830
v 2.332500 -1.587700 4.100900
v 2.382700 -2.346200 3.508800
v 2.531800 -2.448400 3.610200
v 2.505935 -2.517437 3.619488
v 2.660500 -2.541200 3.748900
v 2.667600 -2.456700 3.747500
v 2.763700 -2.544700 3.905600
v 2.620793 -2.643803 3.780160
v 2.756767 -2.660393 3.914039
v 2.705100 -2.729600 3.922500
v 2.530190 -2.702539 3.838949
v 2.392770 -2.582476 3.666337
v 2.457098 -2.565530 3.638011
v 2.340346 -1.989048 3.578103
v 2.453065 -2.159680 3.611203
v 2.528337 -2.131181 3.753529
v 2.660357 -2.172723 3.994606
v 2.632109 -2.315406 3.747276
v 2.718089 -2.385848 3.883957
v 2.534473 -2.334345 3.616601
v 2.387699 -2.243109 3.509903
v 2.877187 -2.674202 4.045690
v 3.002504 -2.740437 4.156432
v 2.862800 -2.768000 4.040900
v 3.270892 -2.895041 4.410975
v 3.067825 -2.890452 4.200907
v 3.048265 -2.959298 4.214732
v 3.215368 -3.071939 4.390484
v 2.927643 -2.959679 4.177179
v 2.782200 -2.850000 4.053500
v 2.830900 -2.817700 4.041900
v 2.759855 -2.213228 4.120626
v 2.821681 -2.466211 4.032128
v 2.878493 -2.294019 4.260576
v 3.095248 -2.564132 4.397474
v 2.980746 -2.524914 4.236018
v 3.004800 -2.630924 4.207500
v 2.441112 -1.895308 3.916699
v 2.354246 -1.873039 3.748536
v 2.240776 -1.798698 3.628475
v 2.213148 -1.685099 3.751543
v 2.298786 -1.712295 3.900476
v 2.513607 -1.828288 4.112800
v 2.653985 -1.938093 4.244918
v 2.930030 -2.294789 4.395620
v 2.779780 -1.616673 4.772779
v 2.776423 -1.809063 4.581624
v 2.650331 -1.616145 4.585074
v 2.354728 -1.256113 4.551912
v 3.132468 -2.204709 4.721738
v 3.173724 -2.145882 4.838509
v 3.406150 -2.439955 4.863623
v 3.061069 -2.219954 4.617183
v 3.049278 -2.348036 4.509612
v 3.710600 -3.016300 4.771500
v 3.884528 -3.115220 4.883564
v 3.729914 -3.178855 4.737203
v 3.534073 -2.890173 4.650663
v 3.540384 -3.079653 4.594986
v 3.908513 -3.335459 4.858805
v 3.866000 -3.441800 4.868200
v 3.707300 -3.391900 4.720300
v 3.715321 -3.309134 4.703905
v 3.530900 -3.309100 4.601200
v 3.355500 -3.204700 4.499900
v 3.401700 -3.150600 4.496500
v 3.281751 -3.001742 4.406627
v 3.376703 -2.639999 4.643384
v 3.444400 -2.602000 4.755100
v 3.562300 -2.635800 4.875100
v 3.664738 -2.778915 4.872399
v 3.765651 -2.925099 4.874322
v 3.217965 -2.694442 4.453577
v 2.306398 -2.568723 3.698081
v 2.070911 -2.362382 3.540100
v 2.631961 -2.765445 3.952270
v 2.546200 -2.743000 4.002800
v 2.288981 -2.581788 3.778071
v 2.449636 -2.661708 4.062248
v 2.200022 -2.503458 3.843569
v 2.014080 -2.328348 3.623417
v 2.700429 -2.853020 4.088453
v 2.780621 -2.946638 4.252611
v 3.145625 -3.102057 4.417285
v 2.845203 -2.962391 4.189805
v 2.619869 -2.769991 4.353200
v 2.586447 -2.783826 4.172438
v 3.796800 -3.491800 4.883400
v 3.629500 -3.447200 4.741500
v 3.535870 -3.455223 4.787822
v 3.456900 -3.356500 4.621200
v 3.370400 -3.360000 4.666800
v 3.471367 -3.419002 4.844745
v 3.398513 -3.351193 4.883399
v 3.296700 -3.312900 4.714700
v 3.200464 -3.211305 4.765331
v 3.023928 -3.047937 4.504132
v 3.082047 -3.089888 4.454213
v 2.301291 -2.468136 4.150671
v 2.113794 -2.375867 3.960977
v 2.830181 -2.828413 4.589436
v 2.502366 -2.624533 4.408895
v 2.478890 -2.670331 4.232057
v 1.909067 -1.872256 4.382329
v 1.643039 -1.545910 4.333681
v 1.585525 -1.577332 4.195022
v 2.021103 -2.200198 4.079231
v 2.068157 -2.137098 4.270777
v 1.729784 -1.812515 4.119874
v 1.385540 -1.120252 4.391253
v 1.511940 -1.020642 4.768846
v 2.179497 -1.897003 4.750883
v 1.946259 -1.826914 4.514802
v 2.015536 -1.674365 4.733017
v 1.852907 -1.649447 4.555820
v 2.148620 -2.205341 4.365455
v 2.163930 -2.152039 4.484721
v 2.418407 -2.402839 4.567515
v 1.646621 -1.304988 4.553810
v 1.882959 -1.272268 4.909876
v 1.523577 -1.175440 4.534125
v 1.471136 -0.895383 4.823844
v 1.321618 -0.616054 4.775776
v 1.221820 -0.674313 4.654071
v 2.060023 -1.232309 5.094823
v 1.751174 -1.083784 4.969760
v 1.532450 -0.784835 4.917642
v 1.043342 -0.360858 4.549425
v 1.296432 -0.487584 4.769658
v 1.705625 -0.730107 5.052966
v 1.652715 -0.605097 5.016813
v 1.468312 -0.576390 4.903130
v 1.256309 -0.391876 4.735537
v 2.119406 -1.164029 5.177905
v 2.148540 -0.981609 5.274824
v 2.003531 -1.044660 5.159068
v 1.821728 -0.911793 5.093110
v 1.310110 -0.318025 4.734880
v 1.513467 -0.382476 4.839907
v 1.712225 -0.568051 5.039798
v 1.549912 -0.347386 4.801821
v 2.339395 -1.068135 5.396224
v 2.044997 -0.825862 5.233813
v 2.101757 -0.741110 5.253609
v 1.906612 -0.599593 5.127285
v 1.861403 -0.670913 5.136162
v 1.392107 -0.151473 4.458693
v 1.598304 -0.327305 4.754690
v 1.691419 -0.361940 4.741640
v 1.976170 -0.518254 4.993940
v 2.248439 -0.740668 5.292869
v 2.432952 -0.884056 5.427329
v 2.466684 -0.807844 5.331078
v 2.188396 -0.650575 5.179882
v 1.946081 -0.562997 5.097401
v 2.651932 -1.057062 5.570870
v 2.713789 -1.039588 5.559414
v 2.367417 -0.972368 5.421419
v 2.592073 -1.080328 5.555143
v 2.529019 -1.147494 5.519278
v 2.768945 -1.297952 5.663924
v 2.921112 -1.388551 5.743247
v 2.819600 -1.235800 5.687000
v 2.872900 -1.201800 5.684300
v 2.406458 -1.221072 5.402222
v 2.703039 -1.540177 5.546533
v 2.678177 -1.371881 5.586804
v 2.223012 -1.322571 5.180783
v 2.387843 -1.433113 5.283211
v 2.647565 -1.717229 5.401013
v 2.128439 -1.428777 4.998995
v 2.378850 -1.858329 5.019866
v 2.468354 -1.868084 5.095909
v 2.297217 -1.567675 5.077570
v 2.597095 -1.858315 5.254567
v 1.925896 -1.371445 4.861772
v 2.122580 -1.713895 4.849341
v 2.392759 -2.094973 4.872250
v 2.213366 -1.749166 4.931538
v 2.573073 -2.372461 4.849675
v 2.706337 -2.457803 4.955349
v 2.518080 -2.180106 4.968142
v 2.660479 -2.154712 5.124230
v 2.352052 -2.191719 4.699270
v 3.021108 -3.018381 4.664640
v 3.291702 -3.229547 4.904687
v 3.023144 -1.609755 5.042318
v 3.253311 -1.943076 5.044055
v 2.884020 -1.565224 4.920999
v 3.417430 -1.970250 5.192306
v 3.709896 -2.275747 5.240596
v 3.372310 -2.010757 5.110706
v 3.608961 -2.483912 5.008794
v 4.324424 -3.244827 5.212120
v 4.356929 -3.360312 5.193886
v 4.181700 -3.219000 5.070800
v 4.216100 -3.346400 5.066800
v 4.505395 -3.512596 5.289403
v 4.433600 -3.634000 5.250100
v 4.289899 -3.599001 5.137300
v 4.281783 -3.476336 5.104701
v 4.028300 -3.502500 4.979200
v 4.070000 -3.422800 4.969400
v 4.077322 -3.272552 4.968246
v 3.778662 -2.753485 4.976315
v 3.966710 -2.735101 5.143572
v 3.937842 -2.497212 5.313571
v 4.119944 -2.938580 5.162038
v 4.049787 -3.061197 5.020935
v 4.186294 -3.668854 5.150310
v 4.223000 -3.714400 5.348200
v 4.100029 -3.675355 5.221884
v 3.928610 -3.537817 5.328382
v 4.027944 -3.631036 5.297768
v 3.802500 -3.475200 5.189700
v 3.678800 -3.428300 5.080600
v 3.780500 -3.498000 5.060500
v 3.871100 -3.541300 5.037100
v 3.957300 -3.549800 5.002600
v 3.545619 -3.303236 5.091226
v 3.675995 -3.343191 5.204444
v 3.748905 -3.366307 5.287295
v 3.569406 -3.037037 5.405171
v 3.460500 -3.084300 5.197600
v 2.813784 -2.361811 5.136559
v 2.978119 -2.335276 5.368157
v 2.812855 -2.136307 5.320001
v 2.917415 -1.830033 5.592429
v 4.066869 -3.451751 5.585682
v 3.520599 -2.817610 5.524925
v 3.734067 -3.020592 5.579220
v 3.860622 -3.394774 5.412078
v 4.043600 -3.528900 5.481700
v 4.394212 -3.736852 5.342776
v 4.566724 -3.650711 5.395687
v 4.477200 -3.736100 5.484900
v 4.318040 -3.713325 5.481775
v 4.633200 -3.645500 5.509900
v 4.662600 -3.625700 5.589200
v 4.510600 -3.705500 5.571000
v 4.376930 -3.652175 5.625569
v 4.246308 -3.501125 5.684577
v 4.205291 -3.633716 5.521063
v 4.133839 -2.747037 5.334969
v 4.221149 -2.743473 5.458508
v 4.083540 -2.509668 5.491974
v 4.144740 -2.499037 5.566259
v 4.323568 -2.741395 5.576178
v 4.386906 -2.987277 5.470542
v 4.270763 -3.121839 5.218486
v 4.439463 -3.209491 5.360410
v 4.537837 -3.359819 5.366994
v 4.568764 -3.171096 5.541464
v 4.637107 -3.329885 5.507533
v 4.636808 -3.505269 5.437304
v 3.231232 -1.750060 5.175966
v 3.608066 -1.886919 5.529839
v 3.446623 -1.789623 5.446458
v 3.534719 -2.021313 5.293642
v 3.884970 -2.166892 5.560820
v 3.874202 -2.257122 5.483180
v 3.114457 -1.361486 5.474174
v 3.578478 -1.802739 5.589148
v 3.656454 -1.836843 5.688834
v 3.766211 -1.917770 5.788820
v 3.877257 -2.057757 5.699629
v 4.030429 -2.190675 5.811044
v 4.220956 -2.453208 5.737314
v 4.011400 -2.205300 5.700100
v 3.987300 -2.220700 5.626600
v 3.853800 -2.073400 5.617400
v 4.504802 -2.962428 5.632236
v 4.345100 -2.697300 5.646500
v 4.486888 -2.861754 5.709852
v 4.117316 -2.384569 5.636168
v 4.201933 -2.394796 5.829800
v 4.591077 -2.985205 5.827092
v 4.460431 -2.765393 5.822221
v 4.636611 -3.169531 5.650428
v 4.696115 -3.288163 5.661967
v 4.656200 -3.133400 5.835700
v 4.656400 -3.138500 5.765400
v 4.683500 -3.260600 5.836700
v 4.704200 -3.272400 5.765800
v 4.694205 -3.376377 5.807907
v 4.617274 -3.502127 5.795780
v 4.723800 -3.427000 5.704600
v 4.674081 -3.571393 5.694391
v 4.711941 -3.464087 5.599391
v 3.215961 -1.501463 5.829138
v 3.237338 -1.432977 5.752793
v 3.373174 -1.602545 5.844893
v 3.553333 -1.789947 5.896617
v 3.517309 -1.695117 5.846348
v 3.311702 -1.485841 5.708536
v 3.509014 -1.821587 5.904127
v 3.991640 -2.338458 6.015859
v 3.936888 -2.186057 5.983222
v 3.983301 -2.166224 5.951676
v 4.107400 -2.386300 6.014200
v 4.148400 -2.354900 5.972100
v 4.090025 -2.249382 5.906454
v 3.711419 -1.860028 5.837463
v 4.266661 -2.606683 6.023027
v 4.336825 -2.612932 5.983940
v 4.437967 -2.923265 5.990223
v 4.476100 -2.858700 5.968700
v 4.533700 -3.007100 5.955800
v 4.506100 -2.842400 5.910100
v 4.583300 -2.996000 5.904700
v 4.354980 -2.596964 5.922922
v 4.634185 -3.188653 5.897151
v 4.554300 -3.132900 5.938800
v 4.449830 -3.099314 5.955325
v 4.405550 -3.160679 5.923756
v 4.570042 -3.322439 5.888046
v 3.119888 -1.691261 5.782802
v 3.012843 -1.496162 5.771570
v 3.460375 -2.141696 5.835557
v 3.423527 -1.808321 5.883955
v 3.191672 -1.586917 5.834887
v 3.025916 -1.371598 5.777518
v 3.472881 -2.027398 5.871250
v 3.745448 -2.419564 5.908173
v 3.985173 -2.617806 5.967690
v 3.810879 -2.334666 5.960497
v 3.950053 -2.389429 6.004224
v 4.204858 -2.927960 5.944471
v 4.289484 -2.819629 6.008079
v 4.161718 -2.611138 6.026957
v 2.867164 -1.577193 5.666984
v 3.157622 -2.146095 5.626902
v 3.197727 -1.958914 5.742707
v 3.347757 -2.240849 5.722703
v 3.652738 -2.572492 5.775015
v 3.885268 -2.713567 5.869326
v 3.610833 -2.399652 5.831315
v 3.900436 -2.998986 5.730188
v 4.254069 -3.260865 5.815217
v 4.095232 -3.059256 5.826546
v 4.453804 -3.463437 5.799510
v 4.534685 -3.651797 5.664073
v 3.212452 -2.564291 5.431375
v 1.462564 -1.860018 3.559977
v 1.250589 -1.678966 3.484950
v 1.604276 -1.991609 3.676053
v 1.893474 -2.105935 3.951336
v 2.290228 -2.408317 4.311478
v 2.657598 -2.619879 4.631432
v 2.506098 -2.407055 4.680105
v 2.357406 -2.434409 4.434220
v 2.996571 -2.927608 4.790329
v 2.780217 -2.644781 4.841953
v 3.052019 -2.887943 4.922492
v 2.851106 -2.647331 4.939539
v 3.320805 -2.987442 5.119759
v 2.978435 -2.585548 5.126215
v 3.311167 -2.820556 5.309408
v 3.110621 -2.574142 5.308655
v -0.008762 1.902395 5.547206
v -0.060919 2.087774 5.512823
v -0.185840 1.938628 5.526679
v -0.244574 2.123166 5.467658
v 0.095632 2.162913 5.490296
v 0.143239 1.945026 5.534949
v 0.160460 0.753875 4.857402
v 0.161840 0.880578 5.055161
v -0.021960 0.842105 5.033453
v 0.054980 0.977851 5.188815
v 0.057209 1.099316 5.304559
v -0.147098 1.658108 5.552395
v -0.134789 1.465631 5.514273
v -0.190583 1.266953 5.409770
v -0.323235 1.345870 5.408972
v 0.143726 1.690082 5.553059
v 0.125088 1.552004 5.541271
v -0.003118 1.315115 5.463706
v 0.138311 1.362997 5.471981
v 0.191270 1.202015 5.365342
v -0.123952 1.072140 5.275542
v -0.193639 0.933280 5.107771
v -0.022551 2.624325 5.306991
v 0.022611 2.266577 5.463768
v 0.150357 2.342156 5.415738
v 0.065109 2.600912 5.313561
v 0.024163 2.870152 4.327385
v -0.040681 0.789246 4.953634
v -0.020000 0.626721 4.631292
v -0.137883 2.519459 3.797409
v -0.211010 2.704221 4.094844
v 0.072586 2.738953 4.135659
v -0.178375 2.866261 4.341051
v -0.129478 2.950764 4.426178
v -0.042699 2.846633 5.229302
v -0.123778 2.709116 5.252598
v -0.035517 4.468366 4.709221
v -0.048411 4.768922 4.727435
v 0.025946 4.483738 4.705259
v -0.046468 4.219134 4.710791
v -0.109748 4.209731 4.742580
v 0.024709 4.249408 4.706172
v 0.119294 4.130690 4.745984
v 0.052507 4.863571 4.756410
v 0.013471 4.794649 4.722415
v 0.098812 3.842034 4.704588
v 0.115097 3.506789 4.679183
v -0.035509 3.203212 4.580548
v -0.102123 3.341220 4.635945
v 0.123697 3.120913 4.555787
v -0.056908 3.574697 4.674404
v 0.022315 3.602734 4.670780
v 0.067928 2.736415 5.262330
v 0.038870 2.965122 5.202273
v 0.019811 4.213103 5.025020
v -0.064340 3.848334 5.066751
v 0.084460 3.923984 5.048107
v 0.032703 3.252369 5.148937
v -0.014273 3.770229 5.087204
v -0.054069 3.312262 5.137984
v 0.057939 3.406390 5.126289
v 0.066177 4.878889 4.836772
v -0.003437 4.934190 4.783600
v 0.012389 4.869971 4.882933
v -0.034050 4.377092 4.996109
v -0.023437 4.662703 4.941528
v 0.026931 4.557400 4.964553
v -0.257173 2.397700 3.627907
v 0.128626 2.508035 3.778443
v -0.164376 0.524648 4.449812
v -0.147727 0.388948 4.310473
v 0.087249 0.387631 4.314022
v 0.214638 0.612630 4.571486
v 0.015537 0.516768 4.453478
v 0.047104 0.212020 4.209114
v -0.125383 0.205741 4.202705
v 0.085126 -0.195114 4.033808
v 0.196775 0.216956 4.196974
v 0.033377 -1.486807 3.111447
v -0.162625 -1.733331 2.814884
v 0.183761 -1.879812 2.594303
v 0.208898 -1.697329 2.849963
v 0.026007 -1.694390 2.873194
v 0.059908 -1.837692 2.679730
v 0.005449 2.224890 3.309526
v -0.149662 2.213475 3.319105
v 0.021025 2.305019 3.427555
v 0.139549 2.200166 3.303079
v 0.202884 2.380256 3.582698
v -0.122209 -0.197607 4.028763
v -0.069740 -0.643456 3.782927
v -0.052487 -0.482702 3.882869
v -0.032285 -0.983411 3.553537
v -0.106113 -1.194278 3.377045
v 0.053158 -1.271460 3.315854
v 0.099670 -0.981406 3.548104
v -0.167663 1.907144 2.916816
v -0.209723 1.816616 2.739213
v -0.052891 1.997674 3.031882
v -0.041875 1.829212 2.735494
v 0.034236 1.915113 2.908481
v 0.110060 1.996796 3.039671
v 0.250443 2.008558 3.105127
v 0.261725 1.897705 2.930935
v 0.141066 1.825427 2.741015
v -0.047254 1.670377 2.252104
v -0.206449 1.659954 2.267590
v 0.164424 1.668511 2.267365
v -0.061151 1.392559 1.719980
v -0.225805 1.379312 1.732656
v -0.206222 1.539813 1.989625
v 0.052332 1.474950 1.847573
v 0.229829 1.344515 1.685712
v 0.230104 1.516719 1.956359
v 0.018264 1.577957 2.036230
v -0.200427 0.957631 1.245042
v -0.206531 1.111438 1.386656
v -0.112859 1.229745 1.507548
v 0.044136 1.161228 1.427993
v 0.084822 1.321850 1.623727
v 0.234798 1.140359 1.426293
v 0.212618 1.050732 1.329556
v 0.052412 0.524598 0.932517
v -0.118504 0.579865 0.969882
v -0.135725 0.772705 1.092502
v -0.315877 0.582062 1.014931
v 0.000661 0.921395 1.195467
v 0.091340 0.737791 1.060571
v 0.187526 0.892274 1.191286
v 0.435122 0.679281 1.111963
v 0.287055 0.573711 1.002279
v -0.238653 -1.846667 2.635938
v -0.091416 -1.885492 2.602703
v 0.285929 -2.014777 2.336566
v 0.237092 -1.835455 2.653271
v 0.306354 -2.234324 2.011494
v 0.097816 -2.257777 2.024010
v -0.241122 -2.080115 2.246056
v -0.066723 -2.101902 2.243863
v 0.059986 -2.101209 2.246884
v 0.231033 -2.095757 2.225055
v -0.247221 -2.257829 1.995320
v -0.046584 -2.316386 1.955834
v 0.054716 -2.574382 1.686616
v 0.317657 -2.420630 1.779422
v 0.156089 -2.384459 1.866306
v -0.071497 -0.070255 0.689909
v -0.025582 0.281545 0.820563
v -0.163367 0.224044 0.802566
v -0.260337 0.358277 0.884954
v 0.108222 -0.061038 0.696500
v 0.138393 0.201782 0.790780
v 0.277684 0.322852 0.871351
v -0.120233 -0.489680 0.495469
v -0.153453 -0.279050 0.568205
v -0.000889 -0.171089 0.627568
v 0.200922 -0.195967 0.609862
v 0.161491 -0.290114 0.566401
v -0.083340 -0.763735 0.385714
v 0.039941 -0.727557 0.403565
v -0.202841 -0.630374 0.443966
v -0.102951 -0.868430 0.357113
v -0.011020 -0.861154 0.369313
v 0.002011 -1.134985 0.322994
v 0.121781 -0.907985 0.343865
v -0.070473 -1.182435 0.300683
v 0.065125 -1.452477 0.244549
v 0.080917 -1.099697 0.311399
v 0.138197 -1.296029 0.250193
v -0.173993 -1.406065 0.211841
v -0.025996 -1.463889 0.249838
v 0.177640 -1.610518 0.223111
v 0.189220 -1.834739 0.246359
v -0.123692 -1.714457 0.228457
v -0.287189 -1.642409 0.233453
v -0.299027 -1.449741 0.219138
v -0.160744 -1.594237 0.226910
v 0.165696 -1.422414 0.214362
v -0.009242 -2.238633 0.301951
v -0.001845 -2.002304 0.266881
v -0.003134 -1.722581 0.236478
v -0.206031 -2.459897 1.776514
v 0.141814 -2.953405 1.373298
v 0.234557 -2.601697 1.636621
v 0.008113 -3.073805 1.297102
v 0.314272 -2.872803 1.383101
v -0.130271 -2.674646 1.598136
v -0.312742 -2.784618 1.457987
v -0.133538 -3.029408 1.315507
v 0.146146 -3.103090 1.266678
v -0.214726 -3.230049 1.188288
v 0.096142 -2.590603 0.294957
v -0.008728 -2.742790 0.299034
v 0.035590 -3.150632 0.335112
v -0.091708 -2.748962 0.307085
v -0.018903 -2.522561 0.293886
v 0.178304 -3.921327 0.894377
v 0.090584 -4.022341 0.869084
v 0.001460 -3.858047 0.929576
v 0.080990 -3.803989 0.948754
v 0.002818 -3.474336 1.079879
v 0.205881 -3.608944 1.028483
v -0.105779 -3.133798 0.342726
v -0.129477 -3.494777 0.334335
v -0.163498 -3.670326 0.307210
v 0.177608 -3.626305 0.318878
v 0.004758 -3.955874 0.215525
v -0.171454 -4.333012 0.164248
v 0.164852 -4.099404 0.205244
v -0.001649 -4.289082 0.785217
v -0.106870 -4.022606 0.867176
v -0.277857 -4.042245 0.816762
v -0.103410 -4.436782 0.721701
v 0.032802 -4.539844 0.683300
v 0.072745 -4.393464 0.740602
v 0.183146 -4.813163 0.522332
v -0.027205 -4.562376 0.098627
v -0.103876 -3.987487 0.215403
v 0.109749 -4.576580 0.104609
v 0.159384 -4.721182 0.101486
v -0.208622 -4.778100 0.541233
v -0.005919 -4.852308 0.504254
v -0.161406 -4.871526 0.114814
v -0.171273 -4.661638 0.105688
v 0.030609 -4.853693 0.095187
v -0.003015 -4.748601 0.084436
v -0.091576 -4.968937 0.143800
v 0.004595 -5.052677 0.362647
v -0.140818 -5.035953 0.284850
v -0.216056 -4.988966 0.194663
v -0.082686 -5.050332 0.231601
# 2589 vertices, 0 vertices normals

f 109 117 112
f 118 113 1
f 114 3 2
f 31 5 6
f 31 4 5
f 4 31 30
f 5 4 7
f 7 4 8
f 8 105 7
f 9 10 8
f 9 8 4
f 30 33 4
f 4 33 9
f 13 105 8
f 12 105 13
f 12 11 105
f 23 12 13
f 8 10 13
f 13 10 34
f 34 39 23
f 13 34 23
f 2362 14 15
f 15 16 17
f 2362 15 17
f 17 18 2362
f 2362 18 2361
f 18 19 2361
f 18 102 19
f 20 2370 19
f 21 20 19
f 102 21 19
f 21 2373 20
f 21 11 2373
f 2373 11 12
f 2373 12 22
f 2372 22 2379
f 2373 22 2372
f 38 2380 39
f 23 39 2380
f 23 2380 22
f 23 22 12
f 15 2394 61
f 15 61 16
f 15 14 2394
f 24 41 46
f 27 107 111
f 27 111 24
f 24 111 25
f 24 25 26
f 26 43 41
f 26 41 24
f 24 46 27
f 28 107 27
f 27 48 28
f 31 6 29
f 31 29 50
f 33 52 32
f 32 10 9
f 32 9 33
f 33 30 51
f 134 34 35
f 35 10 32
f 35 34 10
f 38 37 36
f 134 39 34
f 37 38 39
f 37 39 134
f 40 47 41
f 41 47 46
f 43 26 42
f 41 43 40
f 42 45 44
f 44 43 42
f 46 125 27
f 47 125 46
f 124 48 27
f 124 27 125
f 127 29 49
f 28 48 124
f 49 29 28
f 49 28 124
f 50 30 31
f 50 51 30
f 50 29 127
f 129 131 51
f 129 51 50
f 33 51 52
f 35 32 52
f 53 35 52
f 135 134 35
f 53 135 35
f 2391 2389 54
f 54 2389 45
f 42 54 45
f 42 26 55
f 42 55 54
f 64 55 26
f 26 25 64
f 56 64 25
f 111 110 56
f 25 111 56
f 56 110 57
f 58 59 78
f 58 78 80
f 80 57 58
f 58 60 59
f 82 78 59
f 61 59 60
f 80 62 57
f 56 57 62
f 2391 55 74
f 74 2392 2391
f 54 55 2391
f 55 63 74
f 55 64 63
f 64 65 63
f 56 65 64
f 65 56 62
f 62 66 65
f 63 65 67
f 67 76 63
f 66 67 65
f 69 68 66
f 66 68 67
f 69 66 87
f 69 70 2399
f 69 2399 68
f 69 71 70
f 72 2399 70
f 72 2396 2399
f 72 70 88
f 88 95 72
f 74 63 76
f 77 76 67
f 73 77 67
f 67 68 73
f 75 76 2406
f 74 76 75
f 75 2392 74
f 2407 76 77
f 79 66 62
f 79 62 80
f 80 78 79
f 79 78 84
f 81 82 59
f 81 59 61
f 61 2394 81
f 81 83 82
f 78 82 84
f 86 66 79
f 79 84 86
f 82 89 85
f 84 82 85
f 86 84 90
f 86 87 66
f 86 90 87
f 87 90 92
f 71 69 87
f 87 92 71
f 88 70 71
f 88 71 96
f 95 88 96
f 82 83 89
f 85 90 84
f 90 85 91
f 91 85 89
f 89 83 93
f 89 93 91
f 91 93 92
f 90 91 92
f 93 94 92
f 94 71 92
f 96 2424 95
f 94 96 71
f 2424 96 94
f 2423 2424 94
f 16 60 97
f 16 61 60
f 98 97 60
f 98 60 58
f 57 98 58
f 99 18 17
f 99 17 16
f 16 97 99
f 100 105 11
f 11 21 100
f 101 21 102
f 100 21 101
f 101 103 100
f 102 18 99
f 102 99 103
f 103 101 102
f 104 5 7
f 104 7 105
f 105 100 104
f 100 103 104
f 104 114 5
f 104 103 114
f 28 29 115
f 115 29 6
f 114 6 5
f 114 115 6
f 106 107 28
f 106 28 115
f 106 108 107
f 109 57 110
f 111 107 108
f 111 108 110
f 109 112 98
f 117 109 110
f 108 117 110
f 98 112 97
f 98 57 109
f 1 99 97
f 112 1 97
f 1 113 103
f 103 99 1
f 114 113 3
f 103 113 114
f 115 114 2
f 120 106 2
f 106 115 2
f 106 120 108
f 120 119 118
f 120 118 116
f 117 108 116
f 108 120 116
f 116 112 117
f 116 118 112
f 112 118 1
f 119 113 118
f 113 119 3
f 2 3 119
f 2 119 120
f 121 43 44
f 122 121 44
f 44 45 122
f 45 2426 122
f 40 43 121
f 40 121 150
f 47 148 125
f 47 40 123
f 123 148 47
f 125 146 124
f 126 146 125
f 128 127 49
f 49 124 128
f 128 124 146
f 130 129 50
f 50 127 130
f 130 127 128
f 130 142 129
f 52 51 133
f 133 51 131
f 142 139 131
f 129 142 131
f 131 139 132
f 131 132 133
f 37 2428 36
f 136 2428 37
f 134 136 37
f 136 135 137
f 134 135 136
f 549 2429 136
f 136 2429 2428
f 137 549 136
f 139 140 570
f 139 570 138
f 138 132 139
f 139 142 140
f 153 144 141
f 141 144 140
f 140 142 141
f 130 141 142
f 130 128 145
f 141 145 155
f 130 145 141
f 159 153 154
f 144 153 159
f 159 160 143
f 159 143 144
f 144 143 570
f 144 570 140
f 147 155 145
f 128 146 145
f 145 146 147
f 195 147 146
f 195 146 126
f 126 125 148
f 126 148 195
f 148 198 195
f 198 148 123
f 149 198 123
f 123 40 150
f 149 201 198
f 123 150 149
f 121 151 150
f 149 150 151
f 152 151 121
f 152 121 122
f 2426 152 122
f 154 153 156
f 156 153 141
f 141 155 156
f 162 157 158
f 158 160 159
f 159 154 161
f 159 161 158
f 161 154 162
f 158 161 162
f 572 574 157
f 162 572 157
f 163 572 162
f 162 165 163
f 172 164 166
f 166 164 572
f 166 572 163
f 165 167 168
f 168 167 211
f 163 165 168
f 163 168 166
f 168 211 173
f 166 168 173
f 166 173 172
f 169 170 171
f 171 170 563
f 177 169 171
f 177 171 175
f 171 563 164
f 171 164 172
f 175 171 172
f 172 173 174
f 172 174 175
f 175 176 177
f 174 176 175
f 178 184 183
f 178 555 180
f 181 180 277
f 178 180 181
f 181 185 184
f 181 184 178
f 184 182 183
f 184 185 186
f 186 182 184
f 182 187 575
f 2448 188 2450
f 188 577 576
f 576 187 2449
f 575 187 576
f 2449 188 576
f 190 194 206
f 190 206 189
f 189 156 155
f 190 189 155
f 190 155 147
f 190 147 194
f 191 162 154
f 154 156 192
f 154 192 193
f 154 193 191
f 219 206 194
f 219 194 197
f 194 147 195
f 197 194 195
f 195 198 197
f 226 219 197
f 226 197 196
f 196 197 198
f 198 201 200
f 198 200 196
f 200 199 230
f 199 205 204
f 230 196 200
f 201 149 151
f 199 200 201
f 151 205 201
f 201 205 199
f 203 202 204
f 203 204 205
f 205 151 152
f 205 152 203
f 208 193 192
f 208 192 207
f 207 192 156
f 207 156 189
f 206 218 207
f 189 206 207
f 208 218 217
f 207 218 208
f 210 167 165
f 165 162 191
f 210 165 191
f 193 209 210
f 191 193 210
f 210 220 213
f 210 209 220
f 214 173 211
f 214 211 212
f 213 167 210
f 211 167 213
f 212 211 213
f 213 236 212
f 176 174 214
f 216 176 214
f 214 174 173
f 214 212 215
f 214 215 216
f 217 225 224
f 218 225 217
f 218 206 219
f 219 225 218
f 223 213 220
f 223 220 222
f 222 220 209
f 209 193 208
f 221 209 208
f 208 217 221
f 222 246 223
f 209 221 222
f 225 219 226
f 196 230 226
f 226 230 229
f 226 229 225
f 225 229 244
f 225 244 224
f 228 227 233
f 228 244 229
f 228 229 227
f 227 229 230
f 199 204 227
f 230 199 227
f 204 232 231
f 231 233 227
f 231 227 204
f 202 2456 232
f 202 232 204
f 235 246 222
f 235 222 234
f 234 222 221
f 234 221 217
f 217 224 234
f 234 224 245
f 235 245 255
f 234 245 235
f 236 213 223
f 237 236 223
f 223 246 237
f 237 246 238
f 237 238 239
f 237 239 236
f 242 216 241
f 241 216 215
f 215 212 236
f 241 215 236
f 239 238 240
f 239 240 241
f 236 239 241
f 241 240 242
f 245 244 243
f 243 255 245
f 224 244 245
f 258 238 247
f 247 238 246
f 247 246 235
f 235 255 247
f 250 248 268
f 250 268 249
f 249 243 250
f 250 243 244
f 251 244 228
f 250 244 251
f 228 233 251
f 251 233 248
f 251 248 250
f 253 252 264
f 248 254 252
f 248 252 253
f 253 268 248
f 254 233 231
f 248 233 254
f 257 258 247
f 256 255 243
f 257 247 255
f 257 255 256
f 256 267 257
f 292 242 240
f 259 240 238
f 259 238 258
f 240 259 260
f 240 260 292
f 261 266 262
f 263 261 262
f 262 266 268
f 262 268 253
f 253 264 265
f 253 265 262
f 265 2474 263
f 262 265 263
f 266 267 256
f 256 243 249
f 249 268 256
f 256 268 266
f 269 260 259
f 271 260 269
f 269 258 257
f 269 259 258
f 257 267 273
f 257 273 270
f 257 270 269
f 269 270 271
f 327 271 270
f 327 270 272
f 330 327 272
f 273 267 266
f 272 270 273
f 266 261 273
f 273 261 274
f 273 274 272
f 272 274 330
f 330 274 336
f 336 274 275
f 275 274 261
f 275 261 263
f 263 2474 276
f 263 276 275
f 2484 2508 336
f 275 276 2484
f 275 2484 336
f 278 294 277
f 277 180 278
f 278 180 555
f 279 296 179
f 279 298 296
f 558 298 279
f 281 280 562
f 282 170 169
f 282 169 283
f 562 282 281
f 281 283 301
f 281 282 283
f 284 286 308
f 284 308 285
f 284 285 283
f 284 283 177
f 283 169 177
f 177 176 286
f 177 286 284
f 310 286 288
f 288 286 176
f 287 288 176
f 287 176 216
f 287 216 290
f 287 290 288
f 289 310 288
f 313 289 288
f 313 288 290
f 290 216 242
f 242 291 290
f 290 291 344
f 344 291 293
f 291 242 292
f 292 260 326
f 292 326 293
f 291 292 293
f 294 278 297
f 295 555 179
f 295 179 296
f 278 555 295
f 295 297 278
f 316 294 297
f 297 295 316
f 558 280 298
f 298 280 299
f 317 295 296
f 298 299 319
f 296 298 317
f 298 319 318
f 317 298 318
f 300 299 280
f 300 280 281
f 281 301 300
f 300 301 303
f 302 319 299
f 302 299 300
f 300 303 302
f 303 320 302
f 304 303 301
f 304 301 305
f 305 301 283
f 305 283 285
f 305 308 306
f 285 308 305
f 304 305 306
f 304 306 307
f 322 303 304
f 307 322 304
f 322 320 303
f 308 286 310
f 309 312 308
f 308 310 309
f 312 306 308
f 323 306 312
f 315 309 314
f 314 289 313
f 309 310 289
f 314 309 289
f 290 344 313
f 315 312 309
f 315 338 337
f 315 337 311
f 311 312 315
f 439 440 316
f 439 295 455
f 316 295 439
f 317 455 295
f 437 318 319
f 302 320 437
f 319 302 437
f 321 320 322
f 307 321 322
f 307 306 432
f 307 432 321
f 323 432 306
f 312 311 324
f 323 312 324
f 323 324 431
f 325 293 326
f 326 260 271
f 328 326 271
f 271 327 328
f 326 328 350
f 326 350 325
f 350 328 331
f 331 328 329
f 329 328 327
f 329 327 330
f 330 335 329
f 329 335 331
f 333 332 334
f 334 331 335
f 333 334 335
f 335 330 336
f 336 2508 2507
f 336 2507 333
f 335 336 333
f 427 358 337
f 338 341 339
f 338 339 337
f 337 339 427
f 340 355 339
f 341 340 339
f 343 341 338
f 338 315 314
f 343 314 342
f 338 314 343
f 342 347 343
f 314 313 344
f 342 314 344
f 293 325 345
f 345 325 348
f 344 293 345
f 344 345 348
f 348 342 344
f 341 346 340
f 347 341 343
f 347 346 341
f 347 342 349
f 349 342 348
f 349 348 325
f 325 350 349
f 349 351 347
f 354 346 347
f 354 347 352
f 347 351 352
f 346 354 353
f 353 340 346
f 355 340 356
f 356 340 353
f 356 353 362
f 355 356 357
f 339 355 427
f 427 355 357
f 311 337 358
f 324 311 358
f 371 359 376
f 360 353 354
f 354 352 360
f 360 352 376
f 360 376 361
f 361 363 360
f 361 365 363
f 361 375 365
f 362 407 356
f 362 353 360
f 362 360 363
f 364 366 363
f 363 366 407
f 363 407 362
f 365 378 368
f 364 363 365
f 409 366 364
f 368 367 364
f 365 368 364
f 364 367 409
f 368 369 367
f 373 370 372
f 371 351 372
f 372 351 349
f 372 349 373
f 373 349 350
f 331 370 373
f 350 331 373
f 372 374 371
f 376 375 361
f 376 352 351
f 351 371 376
f 378 375 359
f 365 375 378
f 359 375 376
f 384 378 359
f 384 359 377
f 371 377 359
f 371 399 377
f 369 368 378
f 378 383 369
f 379 367 369
f 369 381 379
f 381 406 380
f 381 420 406
f 380 379 381
f 382 381 369
f 382 369 383
f 378 384 383
f 384 377 386
f 384 386 383
f 382 388 385
f 381 382 385
f 383 389 382
f 382 389 388
f 389 383 386
f 386 393 389
f 377 387 386
f 399 387 377
f 393 391 389
f 388 389 391
f 391 390 388
f 415 390 391
f 415 391 392
f 392 391 393
f 394 396 395
f 394 395 392
f 393 394 392
f 393 386 394
f 394 386 387
f 387 400 396
f 387 396 394
f 396 400 397
f 397 405 395
f 395 396 397
f 370 398 2519
f 370 2519 374
f 374 372 370
f 370 331 334
f 334 332 398
f 334 398 370
f 399 371 374
f 374 2519 399
f 387 399 403
f 400 387 403
f 399 2519 403
f 403 2519 401
f 400 401 402
f 404 402 401
f 401 400 403
f 413 405 397
f 402 413 397
f 402 397 400
f 412 417 405
f 405 413 412
f 406 409 380
f 380 409 367
f 380 367 379
f 357 356 407
f 357 407 424
f 424 407 366
f 366 408 424
f 409 406 410
f 366 409 408
f 408 409 410
f 416 419 385
f 385 419 420
f 420 381 385
f 385 388 416
f 414 413 411
f 404 411 413
f 402 404 413
f 414 2534 417
f 412 414 417
f 414 412 413
f 411 2528 414
f 417 395 405
f 416 388 390
f 415 2534 419
f 415 419 416
f 416 390 415
f 392 395 415
f 415 417 2534
f 395 417 415
f 2533 443 418
f 2533 418 421
f 2533 421 419
f 419 421 420
f 406 420 421
f 421 422 425
f 421 418 422
f 425 410 406
f 425 406 421
f 410 425 408
f 424 408 425
f 424 425 423
f 423 425 422
f 358 427 426
f 427 357 424
f 426 427 424
f 426 424 423
f 429 428 324
f 429 324 358
f 358 426 429
f 429 426 423
f 450 448 429
f 429 448 428
f 430 432 323
f 433 432 430
f 431 324 428
f 431 428 451
f 323 431 430
f 430 431 451
f 451 428 448
f 451 433 430
f 435 436 320
f 435 320 321
f 321 432 433
f 321 433 434
f 434 435 321
f 437 320 436
f 437 438 318
f 438 455 317
f 317 318 438
f 439 455 441
f 439 441 440
f 2546 440 441
f 441 458 2546
f 441 455 458
f 442 418 443
f 443 444 442
f 442 447 445
f 422 418 442
f 445 422 442
f 446 450 423
f 423 422 445
f 423 445 446
f 446 445 447
f 449 465 448
f 449 448 450
f 429 423 450
f 450 446 449
f 463 464 451
f 451 464 433
f 451 465 463
f 448 465 451
f 461 462 434
f 462 454 436
f 462 436 435
f 434 462 435
f 434 433 464
f 434 464 461
f 452 453 438
f 452 438 437
f 437 436 452
f 452 436 454
f 456 458 455
f 456 455 438
f 438 453 456
f 458 474 457
f 2546 458 457
f 458 459 474
f 459 458 456
f 456 453 459
f 460 453 452
f 452 454 460
f 461 464 482
f 461 482 481
f 481 460 462
f 481 462 461
f 462 460 454
f 463 465 487
f 466 467 489
f 487 465 466
f 489 487 466
f 466 465 449
f 466 449 467
f 467 449 447
f 447 449 446
f 447 468 467
f 447 442 468
f 468 469 467
f 468 442 444
f 468 444 469
f 470 2547 457
f 457 474 470
f 472 2549 470
f 472 470 471
f 459 473 474
f 473 475 474
f 476 470 474
f 476 471 470
f 474 475 476
f 476 475 495
f 477 480 475
f 477 475 473
f 473 459 453
f 453 460 477
f 473 453 477
f 477 460 478
f 478 479 480
f 478 480 477
f 482 479 478
f 482 478 481
f 481 478 460
f 482 464 483
f 482 483 484
f 484 479 482
f 485 483 463
f 483 464 463
f 463 487 485
f 486 484 483
f 486 483 485
f 486 485 500
f 488 485 487
f 488 487 489
f 488 500 485
f 488 492 500
f 489 467 490
f 489 490 488
f 492 488 490
f 491 492 490
f 493 490 467
f 493 491 490
f 467 469 493
f 493 2561 491
f 471 494 472
f 522 471 476
f 522 476 495
f 495 516 522
f 496 495 480
f 497 496 480
f 480 495 475
f 480 479 497
f 511 497 479
f 511 479 484
f 484 486 511
f 499 498 511
f 499 511 486
f 486 500 499
f 499 505 498
f 500 501 499
f 499 501 505
f 501 500 492
f 492 502 501
f 503 501 502
f 502 492 491
f 2562 503 502
f 502 2561 2562
f 502 491 2561
f 2563 504 503
f 501 503 505
f 505 503 504
f 506 513 505
f 506 505 504
f 504 507 506
f 504 2566 507
f 498 505 513
f 512 511 498
f 513 512 498
f 510 514 508
f 506 508 513
f 510 506 507
f 506 510 508
f 510 509 514
f 512 517 511
f 511 517 497
f 514 515 512
f 514 512 513
f 513 508 514
f 509 531 515
f 509 515 514
f 496 516 495
f 496 497 517
f 496 518 516
f 517 518 496
f 520 519 523
f 520 523 517
f 520 517 512
f 520 512 515
f 521 519 520
f 520 515 521
f 521 531 530
f 515 531 521
f 522 525 471
f 522 516 527
f 527 516 518
f 526 525 522
f 518 517 523
f 523 519 518
f 536 524 519
f 519 524 518
f 525 2569 494
f 525 494 471
f 525 526 2570
f 2570 2569 525
f 527 528 526
f 527 526 522
f 527 518 524
f 527 524 528
f 2570 526 529
f 529 526 528
f 529 528 537
f 541 536 530
f 530 519 521
f 530 536 519
f 530 531 532
f 530 532 541
f 533 531 509
f 534 509 510
f 533 509 534
f 510 535 534
f 535 510 507
f 507 2566 535
f 535 2566 2582
f 539 538 537
f 528 524 537
f 537 524 536
f 537 536 539
f 546 2579 538
f 538 2579 537
f 536 541 539
f 539 541 545
f 540 543 545
f 540 545 541
f 541 532 540
f 540 542 544
f 532 542 540
f 544 543 540
f 532 533 542
f 531 533 532
f 542 533 534
f 542 534 535
f 543 544 2581
f 2582 2581 542
f 2581 544 542
f 542 535 2582
f 545 547 546
f 546 539 545
f 543 2588 545
f 2585 2588 2581
f 2581 2588 543
f 546 538 539
f 547 545 2587
f 2588 2587 545
f 550 135 53
f 53 52 133
f 548 596 550
f 133 132 548
f 53 133 548
f 53 548 550
f 597 549 137
f 597 137 550
f 550 137 135
f 551 596 548
f 551 548 132
f 552 551 138
f 551 132 138
f 553 188 2448
f 553 2448 554
f 556 559 179
f 556 179 555
f 178 183 556
f 555 178 556
f 559 556 557
f 559 558 279
f 279 179 559
f 560 559 557
f 560 562 558
f 560 558 559
f 749 565 561
f 748 749 561
f 561 565 282
f 561 282 562
f 562 280 558
f 561 560 748
f 561 562 560
f 564 164 563
f 170 282 565
f 563 170 565
f 563 565 564
f 565 749 567
f 564 565 567
f 567 566 564
f 568 164 564
f 566 568 564
f 584 568 566
f 568 584 587
f 570 569 552
f 570 552 138
f 571 592 569
f 571 569 570
f 570 143 571
f 143 160 571
f 572 164 568
f 574 572 568
f 568 587 574
f 587 573 574
f 574 573 593
f 571 160 593
f 593 160 574
f 160 158 157
f 160 157 574
f 576 581 575
f 577 188 553
f 577 553 601
f 578 581 577
f 577 581 576
f 182 575 579
f 579 575 581
f 580 581 578
f 579 581 580
f 582 748 560
f 750 748 582
f 740 557 1028
f 560 557 582
f 582 557 740
f 1028 741 740
f 740 738 582
f 583 762 760
f 583 587 584
f 584 566 585
f 583 584 585
f 585 762 583
f 587 612 586
f 587 586 573
f 587 583 612
f 573 586 589
f 589 593 573
f 586 617 589
f 590 588 591
f 590 589 588
f 591 552 569
f 591 569 592
f 590 591 592
f 590 593 589
f 592 571 593
f 590 592 593
f 595 656 594
f 595 551 552
f 596 551 594
f 594 551 595
f 552 591 595
f 651 644 600
f 651 600 596
f 596 597 550
f 596 600 597
f 594 651 596
f 598 554 2448
f 2434 598 2448
f 2434 2429 549
f 2434 549 597
f 2434 597 598
f 638 602 599
f 643 638 599
f 599 602 554
f 599 554 598
f 598 597 600
f 598 600 599
f 599 600 644
f 599 644 643
f 637 601 602
f 602 601 553
f 601 609 577
f 553 554 602
f 602 638 637
f 611 607 603
f 609 611 603
f 603 578 577
f 609 603 577
f 604 929 605
f 936 604 603
f 603 604 605
f 605 929 606
f 578 603 605
f 580 578 606
f 606 578 605
f 603 607 936
f 607 611 608
f 611 609 610
f 611 610 639
f 608 611 639
f 608 639 640
f 640 932 608
f 615 586 612
f 612 583 614
f 614 760 613
f 612 614 613
f 612 613 615
f 616 589 617
f 617 586 615
f 617 618 616
f 620 767 619
f 628 615 613
f 620 628 613
f 620 613 621
f 620 621 622
f 621 760 764
f 622 621 764
f 621 613 760
f 620 763 767
f 622 763 620
f 625 623 624
f 625 624 630
f 629 626 627
f 630 624 626
f 630 626 629
f 629 628 620
f 629 620 630
f 627 628 629
f 630 620 619
f 630 619 631
f 630 631 625
f 844 815 713
f 844 713 632
f 633 844 632
f 632 713 623
f 632 623 625
f 631 766 632
f 625 631 632
f 634 1014 1013
f 935 634 1013
f 935 1013 933
f 935 940 634
f 935 641 940
f 649 635 636
f 636 635 610
f 610 609 601
f 637 610 601
f 636 610 637
f 637 638 636
f 636 638 646
f 636 646 649
f 640 934 932
f 641 934 640
f 640 639 641
f 641 648 698
f 698 940 641
f 641 639 648
f 642 646 643
f 643 646 638
f 643 644 645
f 643 645 642
f 635 639 610
f 646 642 647
f 649 646 647
f 649 695 648
f 648 639 635
f 649 648 635
f 666 647 642
f 642 645 667
f 642 667 666
f 650 645 644
f 650 644 651
f 650 651 652
f 652 651 594
f 652 669 650
f 653 591 588
f 589 616 588
f 588 616 654
f 654 653 588
f 654 616 655
f 654 655 658
f 654 658 665
f 656 669 652
f 670 669 656
f 652 594 656
f 657 595 591
f 657 591 653
f 656 595 657
f 653 671 657
f 657 671 670
f 657 670 656
f 618 658 655
f 662 618 659
f 618 655 616
f 659 618 617
f 617 615 628
f 617 628 659
f 659 628 627
f 662 658 618
f 659 627 705
f 661 659 705
f 662 659 661
f 660 701 661
f 661 701 662
f 705 660 661
f 664 663 676
f 665 663 664
f 664 653 654
f 664 654 665
f 658 679 665
f 692 647 666
f 667 688 693
f 667 693 666
f 650 672 667
f 650 667 645
f 668 672 650
f 668 650 669
f 668 669 673
f 670 675 673
f 673 669 670
f 671 653 664
f 664 676 675
f 664 675 671
f 671 675 670
f 672 688 667
f 668 673 689
f 677 681 674
f 689 673 674
f 674 673 675
f 674 675 677
f 677 675 676
f 676 678 677
f 677 678 681
f 663 665 679
f 679 686 663
f 663 678 676
f 663 686 678
f 689 674 681
f 690 689 681
f 690 681 870
f 870 681 680
f 680 681 678
f 682 683 680
f 678 682 680
f 682 684 683
f 685 684 682
f 678 686 685
f 682 678 685
f 685 686 700
f 685 700 734
f 734 684 685
f 688 687 694
f 688 672 668
f 688 668 687
f 687 668 689
f 687 689 690
f 693 694 691
f 693 691 692
f 692 666 693
f 688 694 693
f 696 695 649
f 697 647 692
f 649 647 697
f 692 691 697
f 697 696 649
f 716 940 698
f 698 648 695
f 698 695 716
f 700 686 679
f 699 700 679
f 679 658 699
f 699 658 662
f 701 660 727
f 703 701 727
f 699 662 701
f 699 701 703
f 727 702 703
f 703 702 700
f 703 700 699
f 705 704 660
f 705 627 626
f 705 626 624
f 705 623 712
f 624 623 705
f 711 728 704
f 712 711 704
f 712 704 705
f 707 706 708
f 709 707 710
f 710 707 712
f 707 708 728
f 707 728 711
f 712 707 711
f 712 623 713
f 710 713 815
f 710 815 816
f 710 816 709
f 712 713 710
f 716 942 940
f 714 942 716
f 715 714 716
f 716 695 719
f 716 719 715
f 715 718 948
f 715 948 714
f 717 718 715
f 719 717 715
f 717 721 718
f 719 695 696
f 720 697 691
f 696 697 720
f 696 720 719
f 722 721 717
f 720 722 717
f 720 717 719
f 724 723 725
f 724 725 702
f 724 702 727
f 727 660 704
f 727 704 724
f 724 704 728
f 724 728 726
f 729 730 723
f 729 723 724
f 729 724 726
f 726 728 708
f 726 708 731
f 729 726 731
f 731 708 706
f 731 706 732
f 733 731 732
f 729 731 733
f 733 730 729
f 736 737 735
f 736 735 734
f 734 700 736
f 736 702 725
f 736 700 702
f 725 737 736
f 737 725 723
f 737 723 800
f 738 742 755
f 739 750 582
f 739 582 738
f 755 739 738
f 738 740 741
f 738 741 744
f 743 742 738
f 738 744 743
f 743 744 745
f 743 745 746
f 743 746 788
f 788 787 743
f 743 787 742
f 747 752 749
f 748 747 749
f 750 747 748
f 751 759 585
f 751 585 566
f 751 566 567
f 567 749 751
f 751 749 752
f 752 759 751
f 753 752 747
f 754 753 755
f 753 747 750
f 753 750 739
f 755 753 739
f 755 742 839
f 837 765 754
f 755 837 754
f 754 765 757
f 757 765 756
f 758 761 762
f 757 756 758
f 762 759 758
f 758 759 757
f 759 752 753
f 757 759 753
f 757 753 754
f 761 764 760
f 762 761 760
f 614 583 760
f 762 585 759
f 756 763 764
f 764 763 622
f 764 761 758
f 756 765 836
f 836 768 763
f 756 836 763
f 764 758 756
f 767 766 631
f 767 631 619
f 768 766 767
f 767 763 768
f 772 769 770
f 772 770 771
f 778 772 771
f 773 1000 993
f 773 993 774
f 773 774 775
f 771 770 1000
f 771 1000 773
f 771 773 778
f 777 775 776
f 778 777 779
f 773 775 777
f 778 773 777
f 780 781 782
f 782 772 778
f 779 780 782
f 779 782 778
f 783 782 781
f 783 781 784
f 785 772 782
f 785 782 783
f 786 785 783
f 784 787 788
f 784 788 783
f 783 788 786
f 786 746 789
f 788 746 786
f 785 789 769
f 785 769 772
f 786 789 785
f 791 799 821
f 791 821 790
f 792 776 775
f 792 775 793
f 790 792 793
f 790 793 791
f 774 993 794
f 774 794 795
f 795 794 796
f 795 796 797
f 793 775 774
f 793 774 795
f 791 793 795
f 791 795 797
f 797 796 798
f 797 798 799
f 797 799 791
f 802 804 847
f 802 847 800
f 801 802 800
f 800 723 730
f 800 730 801
f 802 803 804
f 831 802 801
f 805 846 776
f 805 776 792
f 808 805 792
f 808 792 790
f 806 805 808
f 790 821 807
f 790 807 808
f 808 807 809
f 808 809 806
f 806 809 813
f 806 813 810
f 806 810 811
f 812 846 805
f 811 812 805
f 811 805 806
f 810 813 814
f 811 810 814
f 811 814 709
f 814 706 707
f 709 814 707
f 814 813 706
f 816 815 812
f 811 816 812
f 709 816 811
f 818 817 830
f 733 830 730
f 818 830 733
f 819 818 733
f 732 706 813
f 732 813 820
f 733 732 819
f 819 732 820
f 822 807 821
f 828 807 822
f 823 824 825
f 825 826 828
f 822 823 825
f 822 825 828
f 827 826 817
f 827 817 818
f 828 827 818
f 828 818 819
f 828 826 827
f 820 813 809
f 820 809 807
f 819 820 828
f 828 820 807
f 1088 829 832
f 832 829 803
f 826 1088 832
f 832 803 802
f 831 832 802
f 801 730 830
f 831 801 830
f 832 830 817
f 832 817 826
f 831 830 832
f 833 766 768
f 768 834 833
f 833 834 835
f 838 835 834
f 837 838 834
f 836 834 768
f 836 765 837
f 836 837 834
f 838 837 755
f 838 755 839
f 787 840 839
f 839 840 838
f 742 787 839
f 840 787 784
f 835 838 840
f 784 781 840
f 840 781 841
f 840 841 835
f 835 841 833
f 842 812 815
f 843 842 633
f 842 815 844
f 633 842 844
f 632 766 833
f 633 632 833
f 633 833 843
f 845 841 781
f 845 781 780
f 845 780 779
f 777 776 846
f 779 777 846
f 779 846 845
f 846 812 842
f 845 846 842
f 845 842 843
f 843 833 841
f 843 841 845
f 850 851 847
f 847 851 848
f 848 737 800
f 848 800 847
f 735 861 858
f 737 861 735
f 737 848 861
f 856 849 850
f 850 849 851
f 850 847 804
f 850 804 856
f 852 1059 853
f 852 853 854
f 854 853 855
f 1087 852 854
f 1087 854 829
f 856 855 849
f 854 855 856
f 856 804 803
f 856 803 854
f 854 803 829
f 683 684 857
f 857 684 735
f 858 857 735
f 735 684 734
f 861 860 858
f 858 860 859
f 858 859 857
f 879 860 861
f 879 861 863
f 861 848 851
f 861 851 863
f 864 862 879
f 864 879 863
f 863 851 849
f 863 849 864
f 867 865 866
f 867 866 868
f 868 862 864
f 868 866 862
f 864 849 855
f 864 855 853
f 864 853 868
f 868 853 1059
f 868 1059 867
f 869 690 870
f 870 680 874
f 871 869 870
f 871 870 874
f 872 680 683
f 872 683 857
f 874 680 872
f 873 910 874
f 857 859 873
f 857 873 872
f 872 873 874
f 875 909 915
f 874 910 909
f 874 909 875
f 874 875 871
f 877 876 878
f 878 859 860
f 878 860 877
f 877 860 879
f 880 891 881
f 880 881 882
f 883 892 891
f 883 891 880
f 884 876 885
f 885 876 877
f 882 884 885
f 882 885 880
f 880 885 883
f 885 877 879
f 885 879 883
f 883 862 886
f 883 886 892
f 883 879 862
f 888 1147 1115
f 888 1115 887
f 889 1147 888
f 889 888 890
f 887 881 891
f 887 891 888
f 888 891 892
f 888 892 890
f 886 862 866
f 886 866 893
f 892 886 893
f 892 893 890
f 893 865 894
f 890 893 894
f 890 894 889
f 893 866 865
f 895 694 687
f 900 895 898
f 896 869 871
f 895 687 690
f 895 690 869
f 898 895 869
f 898 869 896
f 875 915 896
f 896 915 897
f 896 897 898
f 871 875 896
f 898 897 899
f 898 899 900
f 901 721 722
f 902 901 722
f 902 722 720
f 720 691 902
f 902 691 694
f 902 694 895
f 902 895 900
f 900 899 901
f 900 901 902
f 903 908 904
f 905 903 906
f 907 908 903
f 907 903 905
f 906 915 909
f 906 909 905
f 905 909 910
f 905 910 907
f 911 873 859
f 911 859 878
f 910 873 911
f 907 910 911
f 876 884 921
f 876 921 912
f 912 921 908
f 912 908 907
f 878 876 912
f 878 912 911
f 911 912 907
f 914 913 918
f 964 913 906
f 897 906 913
f 897 913 914
f 917 899 914
f 914 899 897
f 918 917 914
f 897 915 906
f 903 904 964
f 903 964 906
f 918 916 953
f 917 721 901
f 917 901 899
f 913 964 916
f 918 913 916
f 919 959 958
f 922 959 919
f 920 904 908
f 919 920 922
f 922 921 884
f 922 884 882
f 920 908 921
f 922 920 921
f 882 881 960
f 882 960 922
f 922 960 959
f 923 556 183
f 183 182 579
f 183 579 923
f 923 580 606
f 923 579 580
f 928 556 923
f 606 928 923
f 926 924 925
f 926 925 930
f 927 924 926
f 928 930 556
f 929 928 606
f 926 930 928
f 926 928 929
f 929 604 927
f 926 929 927
f 1029 1028 557
f 557 556 930
f 557 930 1029
f 930 925 1029
f 934 933 931
f 934 931 932
f 934 641 935
f 935 933 934
f 1032 604 936
f 937 1032 936
f 937 936 607
f 607 608 932
f 607 932 937
f 932 931 937
f 939 941 938
f 938 1014 634
f 939 938 634
f 634 940 939
f 939 940 942
f 944 941 939
f 944 1038 941
f 942 714 944
f 939 942 944
f 944 714 943
f 977 1038 944
f 943 977 944
f 946 950 979
f 946 979 947
f 947 979 978
f 947 978 945
f 945 978 977
f 945 977 943
f 943 714 948
f 943 948 945
f 948 718 949
f 947 948 949
f 947 949 946
f 945 948 947
f 952 950 946
f 953 963 950
f 953 950 952
f 949 718 951
f 951 718 721
f 946 949 951
f 946 951 952
f 951 721 917
f 952 951 917
f 952 917 918
f 953 916 963
f 918 953 952
f 955 1052 954
f 955 954 904
f 904 954 964
f 904 920 919
f 919 958 955
f 919 955 904
f 956 1114 957
f 959 956 957
f 959 957 958
f 960 881 887
f 961 960 887
f 956 959 960
f 956 960 961
f 887 1115 1116
f 887 1116 961
f 961 1116 1114
f 961 1114 956
f 1051 969 962
f 962 963 916
f 916 964 954
f 916 954 962
f 962 954 1052
f 962 1052 1051
f 965 950 963
f 965 963 966
f 966 963 962
f 966 962 969
f 966 969 970
f 966 970 967
f 966 967 965
f 970 969 971
f 970 971 973
f 967 970 968
f 968 970 973
f 968 973 1085
f 971 972 973
f 968 1043 985
f 1085 1043 968
f 976 974 975
f 975 977 978
f 975 978 976
f 979 950 965
f 981 979 965
f 976 978 979
f 976 979 981
f 967 980 981
f 981 980 976
f 965 967 981
f 984 983 982
f 974 976 984
f 982 974 984
f 980 967 968
f 980 968 985
f 984 976 980
f 980 985 983
f 980 983 984
f 987 1048 986
f 989 988 1048
f 989 1048 987
f 990 798 796
f 990 796 991
f 987 990 991
f 987 991 989
f 992 794 993
f 992 993 994
f 991 796 794
f 991 794 992
f 989 991 992
f 995 1008 996
f 994 995 996
f 994 996 992
f 992 996 988
f 992 988 989
f 997 1008 995
f 999 997 995
f 999 995 994
f 997 998 1008
f 1000 770 1001
f 994 993 1000
f 994 1000 999
f 999 1000 1001
f 1001 770 769
f 1002 1001 769
f 999 1001 1002
f 1003 1009 1007
f 1003 1007 998
f 1003 998 997
f 1002 1003 997
f 1002 997 999
f 1036 1008 1005
f 1009 1004 1006
f 1009 1006 1007
f 1007 1006 1005
f 1007 1005 998
f 998 1005 1008
f 1020 1009 1003
f 1010 1020 1003
f 1010 1003 1002
f 1010 1012 1020
f 1002 769 789
f 1002 789 1010
f 789 746 1011
f 1010 789 1011
f 1022 1021 1012
f 1011 1022 1012
f 1011 1012 1010
f 1013 1017 1016
f 1013 1015 1017
f 1016 933 1013
f 1015 1013 1014
f 1015 1014 1004
f 1018 1016 1017
f 1004 1019 1015
f 1015 1019 1017
f 1018 1017 1021
f 1019 1004 1009
f 1021 1017 1019
f 1020 1012 1021
f 1009 1020 1019
f 1019 1020 1021
f 1018 1021 1022
f 1016 1018 1033
f 1033 931 933
f 1033 933 1016
f 1025 1022 1011
f 1011 746 745
f 1011 745 1023
f 1011 1023 1025
f 1023 745 744
f 1023 744 1024
f 1025 1023 1024
f 1025 1024 1026
f 1027 1024 744
f 1027 744 741
f 741 1028 1027
f 1027 1028 1029
f 1029 925 1030
f 1027 1029 1030
f 1030 1026 1024
f 1030 1024 1027
f 1031 1034 1026
f 1030 925 924
f 1030 924 1026
f 1026 924 1031
f 1034 1018 1022
f 1034 1022 1025
f 1025 1026 1034
f 1031 924 927
f 927 604 1032
f 1031 927 1032
f 1032 937 931
f 1032 931 1033
f 1033 1034 1031
f 1033 1031 1032
f 1034 1033 1018
f 1036 1005 1035
f 938 1006 1004
f 1035 1005 1006
f 1035 1006 938
f 1004 1014 938
f 1035 941 1036
f 1035 938 941
f 1036 941 1037
f 1037 941 1038
f 1039 1038 977
f 1039 977 975
f 975 974 1039
f 1039 1040 1038
f 1038 1040 1037
f 1036 1037 1049
f 1049 1037 1040
f 1041 1039 974
f 1041 974 982
f 1040 1039 1041
f 982 1042 1041
f 1049 1008 1036
f 1040 1041 1049
f 1042 982 983
f 1047 1042 983
f 1045 985 1043
f 1046 983 985
f 1046 985 1045
f 1045 1044 1046
f 1047 1046 986
f 1046 1047 983
f 1047 986 1048
f 1047 1048 1042
f 1042 1048 988
f 1042 988 1041
f 1049 996 1008
f 988 996 1049
f 1041 988 1049
f 1121 1053 1050
f 1050 1053 1051
f 1122 1121 1050
f 1050 1051 1052
f 1052 955 958
f 1050 957 1122
f 958 957 1050
f 958 1050 1052
f 1053 1054 972
f 1053 972 971
f 1053 971 969
f 1053 969 1051
f 1055 1056 1057
f 1058 865 867
f 867 1059 1058
f 1058 1059 1060
f 1058 1060 1057
f 1057 1061 1055
f 1057 1060 1061
f 1062 1063 1064
f 1062 1064 1105
f 1062 1105 1068
f 1062 1068 1067
f 1065 1066 1063
f 1065 1063 1062
f 1065 1062 1067
f 1067 1068 824
f 1067 824 823
f 1069 1067 823
f 1069 823 822
f 1065 1067 1069
f 1069 821 799
f 822 821 1069
f 799 798 1070
f 1070 798 1066
f 1070 1066 1065
f 1069 799 1070
f 1065 1069 1070
f 1071 1064 1063
f 1071 1063 1072
f 1072 1063 1066
f 1072 1066 1073
f 1074 1071 1072
f 1074 1072 1075
f 1075 1072 1073
f 1075 1073 1076
f 1073 1066 798
f 1073 798 990
f 1076 1073 990
f 1076 990 987
f 986 1046 1077
f 987 986 1077
f 987 1077 1076
f 1075 1078 1074
f 1077 1046 1044
f 1077 1044 1078
f 1076 1077 1078
f 1076 1078 1075
f 1079 1094 1080
f 1079 1080 1086
f 1086 1080 1081
f 1086 1081 1082
f 972 1079 1086
f 1084 1083 1044
f 1084 1044 1045
f 1084 1045 1043
f 1082 1081 1083
f 1082 1083 1084
f 1084 1043 1085
f 1084 1085 1082
f 1086 973 972
f 1085 973 1086
f 1082 1085 1086
f 1088 1087 829
f 1090 1088 826
f 1088 1089 1087
f 1090 825 824
f 1090 824 1103
f 1090 826 825
f 1091 1093 1089
f 1091 1089 1088
f 1103 1091 1090
f 1090 1091 1088
f 1061 1060 1093
f 1093 1060 1092
f 1092 1060 1059
f 1092 1059 852
f 852 1087 1089
f 852 1089 1092
f 1092 1089 1093
f 1054 1079 972
f 1096 1097 1094
f 1096 1094 1079
f 1095 1096 1079
f 1095 1079 1054
f 1053 1121 1095
f 1095 1121 1096
f 1054 1053 1095
f 1100 1098 1137
f 1100 1137 1099
f 1099 1137 1102
f 1099 1102 1101
f 1102 1093 1091
f 1103 1102 1091
f 1101 1102 1103
f 1103 824 1068
f 1103 1068 1101
f 1105 1064 1104
f 1105 1104 1100
f 1105 1100 1099
f 1101 1068 1105
f 1101 1105 1099
f 1106 1104 1064
f 1106 1064 1071
f 1074 1106 1071
f 1112 1100 1104
f 1112 1104 1106
f 1109 1112 1106
f 1109 1106 1074
f 1078 1044 1083
f 1078 1083 1107
f 1107 1083 1081
f 1074 1078 1107
f 1074 1107 1109
f 1108 1080 1094
f 1109 1108 1110
f 1107 1081 1080
f 1107 1080 1108
f 1109 1107 1108
f 1111 1098 1100
f 1111 1100 1112
f 1110 1111 1112
f 1110 1112 1109
f 1118 1155 1123
f 1118 1123 1117
f 1114 1113 957
f 1123 1113 1114
f 1117 1123 1114
f 1116 1115 1119
f 1116 1119 1117
f 1114 1116 1117
f 1117 1119 1118
f 1120 1097 1096
f 1120 1096 1121
f 1120 1121 1122
f 1122 957 1113
f 1122 1113 1120
f 1120 1113 1123
f 1126 1124 1125
f 1124 1127 1125
f 1128 1124 1126
f 1129 1056 1055
f 1126 1129 1055
f 1126 1055 1128
f 1128 1061 1134
f 1128 1055 1061
f 1131 1130 1127
f 1131 1127 1124
f 1134 1131 1128
f 1128 1131 1124
f 1132 1133 1130
f 1132 1130 1131
f 1134 1132 1131
f 1132 1135 1133
f 1132 1134 1136
f 1136 1134 1061
f 1136 1061 1093
f 1093 1102 1136
f 1137 1098 1135
f 1132 1137 1135
f 1136 1102 1137
f 1136 1137 1132
f 1138 1130 1133
f 1138 1133 1139
f 1139 1133 1135
f 1139 1135 1140
f 1141 1138 1139
f 1142 1141 1139
f 1142 1139 1140
f 1140 1135 1098
f 1140 1098 1111
f 1142 1140 1111
f 1142 1111 1110
f 1108 1094 1143
f 1143 1094 1097
f 1110 1108 1143
f 1110 1143 1142
f 1097 1154 1143
f 1143 1154 1141
f 1143 1141 1142
f 1144 1149 1119
f 1145 1149 1144
f 1146 1145 1144
f 1146 1147 889
f 1144 1119 1115
f 1144 1115 1147
f 1146 1144 1147
f 894 865 1058
f 894 1058 1057
f 894 1057 1148
f 889 894 1146
f 1146 894 1148
f 1148 1057 1056
f 1148 1056 1151
f 1148 1151 1145
f 1146 1148 1145
f 1118 1119 1149
f 1118 1149 1150
f 1151 1056 1129
f 1152 1151 1129
f 1152 1129 1126
f 1149 1145 1151
f 1150 1149 1151
f 1150 1151 1152
f 1152 1125 1153
f 1152 1153 1150
f 1126 1125 1152
f 1150 1155 1118
f 1153 1125 1127
f 1127 1130 1138
f 1138 1141 1153
f 1127 1138 1153
f 1154 1097 1120
f 1153 1141 1154
f 1155 1150 1153
f 1120 1123 1155
f 1120 1155 1154
f 1154 1155 1153
f 1158 1162 1161
f 1162 1158 1156
f 1156 1158 1157
f 1162 1156 1186
f 1157 1159 1156
f 1156 1159 1186
f 1161 1162 1164
f 1160 1164 1162
f 1162 1186 1160
f 1209 1168 1163
f 1164 1163 1161
f 1161 1163 1168
f 1165 1164 1183
f 1165 1163 1164
f 1171 1166 1187
f 1167 1168 1166
f 1167 1166 1171
f 1161 1168 1167
f 1171 1158 1167
f 1166 1211 1210
f 1166 1168 1211
f 1211 1168 1209
f 1171 1188 1169
f 1175 1170 1169
f 1169 1170 1171
f 1158 1171 1170
f 1173 1174 1172
f 1174 1173 1185
f 1174 1170 1175
f 1172 1174 1175
f 1175 1169 1192
f 1176 1175 1192
f 1192 1191 1176
f 1175 1176 1172
f 1177 1180 1185
f 1185 1173 1177
f 1180 1182 1178
f 1185 1180 1178
f 1178 1182 1186
f 1179 1180 1177
f 1182 1180 1181
f 1181 1183 1182
f 1184 1183 1181
f 1184 1165 1183
f 1184 1204 1205
f 1183 1164 1160
f 1158 1161 1167
f 1170 1157 1158
f 1170 1174 1157
f 1185 1157 1174
f 1159 1157 1185
f 1178 1159 1185
f 1186 1159 1178
f 1182 1183 1160
f 1186 1182 1160
f 1187 1166 1189
f 1189 2383 1187
f 1188 1190 1192
f 1192 1169 1188
f 1188 1171 1187
f 1166 1210 1213
f 1166 1213 1189
f 1189 1213 2383
f 1190 1191 1192
f 1194 1193 1195
f 1194 1172 1176
f 1194 1176 1191
f 1193 1191 2378
f 1194 1191 1193
f 1195 1221 1196
f 1195 1172 1194
f 1196 1173 1172
f 1196 1172 1195
f 1196 1221 1197
f 1197 1179 1177
f 1177 1173 1196
f 1197 1177 1196
f 1236 1202 1204
f 1204 1184 1181
f 1204 1181 1236
f 1181 1180 1198
f 1181 1198 1236
f 1199 1180 1179
f 1198 1180 1199
f 1197 1220 1200
f 1200 1201 1179
f 1200 1179 1197
f 1204 1202 1203
f 1239 1208 1203
f 1205 1165 1184
f 1205 1204 1207
f 1247 1209 1206
f 1206 1209 1163
f 1206 1163 1165
f 1206 1165 1205
f 1207 1204 1203
f 1207 1208 1241
f 1207 1203 1208
f 1241 1243 1207
f 1211 1209 1247
f 1211 1212 1210
f 1213 1249 2411
f 1212 1249 1213
f 1212 1213 1210
f 1214 1256 1199
f 1256 1198 1199
f 1199 1179 1214
f 1214 1179 1201
f 1201 1200 1215
f 1200 1220 1222
f 1261 1200 1222
f 1215 1200 1261
f 1201 1258 1214
f 1216 1236 1198
f 1235 1236 1216
f 1216 1198 1256
f 1217 1197 1221
f 1217 1220 1197
f 1221 1219 1217
f 1219 1226 1223
f 1217 1219 1223
f 1217 1223 1220
f 1220 1223 1222
f 1195 1218 1221
f 1221 1218 1219
f 1222 1263 1269
f 1222 1223 1263
f 1269 1261 1222
f 1224 1225 1232
f 1226 1219 1224
f 1224 1219 1218
f 1225 1218 1195
f 1225 1195 1193
f 1224 1218 1225
f 1224 1233 1226
f 1233 1227 1226
f 1263 1223 1226
f 1226 1227 1263
f 1228 2366 2365
f 1228 2365 1229
f 1229 1232 1228
f 1228 1232 1225
f 1228 1225 1230
f 1230 1225 1193
f 1193 2378 1230
f 1230 2366 1228
f 1229 2365 2431
f 1229 2431 1231
f 1232 1233 1224
f 1231 1232 1229
f 1231 1233 1232
f 1233 1231 1266
f 1266 1231 2431
f 1266 2431 1234
f 1234 1270 1266
f 1233 1266 1227
f 1238 1202 1235
f 1235 1202 1236
f 1238 1237 1239
f 1237 1250 1239
f 1239 1203 1202
f 1239 1202 1238
f 1241 1242 1252
f 1241 1252 1240
f 1241 1208 1242
f 1239 1250 1242
f 1239 1242 1208
f 1244 1207 1243
f 1243 1302 1244
f 1304 1206 1302
f 1302 1206 1205
f 1205 1207 1244
f 1205 1244 1302
f 1243 1241 1240
f 1245 1246 1240
f 1240 1246 1243
f 1303 1206 1304
f 1247 1303 1248
f 1247 1206 1303
f 1247 1248 1211
f 1211 1248 1212
f 1212 1307 1327
f 1327 1249 1212
f 1237 1275 1250
f 1250 1276 1251
f 1251 1252 1242
f 1251 1242 1250
f 1237 1238 1254
f 1254 1238 1235
f 1254 1235 1253
f 1253 1278 1254
f 1237 1254 1275
f 1253 1235 1216
f 1253 1216 1255
f 1216 1256 1255
f 1255 1256 1257
f 1256 1214 1258
f 1257 1280 1255
f 1258 1201 1260
f 1260 1201 1215
f 1215 1261 1262
f 1260 1215 1262
f 1260 1262 1285
f 1260 1259 1258
f 1260 1285 1259
f 1265 1262 1261
f 1265 1261 1269
f 1264 1285 1262
f 1264 1262 1265
f 1267 1263 1227
f 1267 1269 1263
f 1227 1266 1267
f 1267 1266 1268
f 1267 1268 1289
f 1289 1265 1269
f 1289 1269 1267
f 1271 1268 1266
f 1271 1266 1270
f 1273 2435 1356
f 1273 1272 2436
f 1271 1270 2436
f 1271 2436 1272
f 1274 1276 1250
f 1274 1250 1275
f 1276 1274 1277
f 1276 1277 1251
f 1278 1281 1279
f 1254 1279 1275
f 1278 1279 1254
f 1278 1253 1255
f 1255 1280 1281
f 1255 1281 1278
f 1282 1258 1259
f 1282 1259 1284
f 1257 1256 1258
f 1257 1258 1282
f 1284 1340 1282
f 1257 1283 1280
f 1282 1340 1283
f 1282 1283 1257
f 1259 1285 1286
f 1259 1286 1284
f 1286 1346 1343
f 1286 1343 1284
f 1288 1286 1285
f 1288 1285 1264
f 1265 1289 1291
f 1264 1265 1291
f 1264 1291 1288
f 1288 1291 1287
f 1288 1346 1286
f 1289 1268 1299
f 1289 1299 1290
f 1290 1299 1298
f 1289 1290 1291
f 1293 1295 1268
f 1293 1268 1271
f 1271 1272 1293
f 1272 1292 1293
f 1293 1294 1295
f 1299 1295 1296
f 1296 1297 1299
f 1297 1298 1299
f 1299 1268 1295
f 1272 1273 1300
f 1273 1356 1357
f 1300 1273 1357
f 1357 1821 1300
f 1300 1292 1272
f 1246 1245 2408
f 1246 2408 1325
f 1246 1325 1301
f 1302 1243 1246
f 1301 1302 1246
f 1302 1301 1304
f 1303 1319 1305
f 1303 1305 1248
f 1304 1319 1303
f 1248 1306 1307
f 1307 1212 1248
f 1306 1248 1305
f 1308 1305 1319
f 1305 1309 1306
f 1306 1309 1310
f 1306 1310 1307
f 1318 1308 1319
f 1309 1305 1308
f 1318 1311 1308
f 1308 1314 1309
f 1309 1312 1310
f 1311 1314 1308
f 1309 1314 1312
f 1314 1315 1313
f 1315 1314 1311
f 1314 1317 1312
f 1312 1317 1329
f 1317 1314 1313
f 1321 1313 1315
f 1317 1316 1329
f 1313 2420 1316
f 1316 1317 1313
f 2402 2420 1321
f 1313 1321 2420
f 1316 2420 2422
f 1324 1301 1325
f 1319 1301 1324
f 1324 1318 1319
f 1319 1304 1301
f 1324 1326 1318
f 2401 1311 1318
f 2401 1318 1326
f 1315 1311 2401
f 1315 2401 1320
f 1320 1321 1315
f 2403 2402 1320
f 2402 1321 1320
f 1322 2405 1323
f 1325 2408 1322
f 1323 1325 1322
f 1323 1324 1325
f 1326 1323 2405
f 1326 1324 1323
f 1310 1328 1307
f 1307 1328 1327
f 1328 1310 1312
f 1328 1329 2415
f 1328 2415 1327
f 1328 1312 1329
f 1329 1316 2425
f 2425 1316 2422
f 1330 2461 1277
f 1332 2461 1330
f 1277 1274 1330
f 1332 1331 1333
f 1332 1333 2462
f 1332 2462 2461
f 1330 1274 1334
f 1334 1274 1275
f 1332 1330 1334
f 1335 1275 1279
f 1334 1275 1335
f 1335 1336 1503
f 1335 1503 1334
f 1334 1503 1331
f 1334 1331 1332
f 1335 1279 1337
f 1337 1279 1281
f 1338 1337 1281
f 1338 1498 1500
f 1337 1336 1335
f 1338 1500 1336
f 1338 1336 1337
f 1281 1280 1339
f 1338 1281 1339
f 1339 1280 1283
f 1341 1339 1283
f 1341 1342 1498
f 1341 1498 1339
f 1339 1498 1338
f 1341 1283 1340
f 1340 1461 1342
f 1340 1342 1341
f 1340 1284 1343
f 1346 1344 1343
f 1343 1344 1461
f 1343 1461 1340
f 1346 1288 1345
f 1345 1288 1287
f 1349 1452 1457
f 1349 1457 1345
f 1287 1349 1345
f 1345 1457 1346
f 1287 1291 1347
f 1347 1290 1298
f 1347 1291 1290
f 1298 1348 1347
f 1347 1348 1349
f 1349 1348 1452
f 1347 1349 1287
f 1352 1297 1826
f 1352 1826 1350
f 1350 1351 1352
f 1352 1351 1454
f 1352 1454 1348
f 1352 1348 1298
f 1298 1297 1352
f 1353 1356 2435
f 1353 1405 1354
f 1354 1355 1353
f 1355 1357 1356
f 1353 1355 1356
f 1357 1355 1358
f 1358 1355 1354
f 1359 1360 1358
f 1357 1360 1821
f 1358 1360 1357
f 1361 1362 1354
f 1354 1405 1406
f 1354 1406 1361
f 1361 1402 1381
f 1361 1406 1402
f 1379 1382 1362
f 1379 1362 1361
f 1381 1379 1361
f 1358 1354 1362
f 1359 1358 1362
f 1362 1382 1363
f 1359 1362 1363
f 1364 1363 1830
f 1359 1363 1364
f 1377 1365 1367
f 1367 1365 1366
f 1367 1366 1399
f 1366 1365 1380
f 1399 1366 1381
f 1367 1399 1374
f 1367 1374 1377
f 1371 1380 1372
f 1372 1380 1365
f 1369 1371 1372
f 1372 1365 1373
f 1368 1372 1373
f 1369 1372 1368
f 1377 1374 1375
f 1375 1394 1376
f 1383 1385 1376
f 1376 1377 1375
f 1373 1365 1377
f 1373 1377 1376
f 1373 1376 1378
f 1378 1376 1385
f 1378 1385 1386
f 1843 1378 1386
f 1378 1843 1842
f 1840 1368 1373
f 1842 1840 1373
f 1842 1373 1378
f 1379 1380 1382
f 1381 1400 1399
f 1366 1380 1379
f 1381 1366 1379
f 1370 1830 1363
f 1369 1370 1371
f 1371 1370 1363
f 1363 1382 1371
f 1382 1380 1371
f 1384 1385 1383
f 1394 1396 1383
f 1383 1396 1479
f 1383 1479 1384
f 1376 1394 1383
f 1384 1395 1409
f 1409 1407 1385
f 1409 1385 1384
f 1386 1385 1414
f 1387 1843 1386
f 1388 1387 1386
f 1388 1386 1414
f 1414 1385 1407
f 1389 1394 1375
f 1398 1389 1375
f 1398 1375 1393
f 1393 1374 1390
f 1393 1375 1374
f 1390 1391 1392
f 1390 1392 1393
f 1392 1397 1393
f 1396 1394 1480
f 1479 1396 1480
f 1393 1397 1484
f 1398 1393 1484
f 1484 1397 1485
f 1390 1374 1399
f 1390 1399 1400
f 1400 1403 1401
f 1400 1401 1391
f 1400 1391 1390
f 1402 1400 1381
f 1402 1403 1400
f 1353 1404 1405
f 1405 1404 1406
f 1409 1395 1408
f 1409 1408 1410
f 1409 1410 1407
f 1410 1411 1407
f 1413 1414 1407
f 1411 1412 1413
f 1411 1413 1407
f 1388 1414 1416
f 1413 1412 1415
f 1416 1414 1413
f 1416 1413 1415
f 1395 1620 1408
f 1408 1620 1417
f 1417 1475 1478
f 1417 1478 1428
f 1620 1475 1417
f 1426 1420 1410
f 1426 1410 1417
f 1428 1426 1417
f 1417 1410 1408
f 1418 1433 1419
f 1433 1440 1419
f 1419 1412 1411
f 1410 1420 1411
f 1411 1420 1418
f 1411 1418 1419
f 1422 1429 1471
f 1421 1422 1471
f 1421 1471 1469
f 1470 1436 1423
f 1469 1470 1423
f 1469 1423 1421
f 1421 1423 1424
f 1421 1424 1422
f 1422 1424 1418
f 1422 1418 1425
f 1425 1429 1422
f 1418 1420 1425
f 1425 1420 1426
f 1427 1426 1428
f 1427 1429 1425
f 1427 1425 1426
f 1428 1478 1477
f 1427 1428 1477
f 1477 1629 1488
f 1488 1429 1477
f 1477 1429 1427
f 1415 1412 1430
f 1430 1412 1419
f 1430 1419 1440
f 1430 1440 1435
f 1430 1435 1431
f 1430 1431 1432
f 1432 1415 1430
f 1434 1433 1418
f 1440 1433 1434
f 1441 1442 1434
f 1434 1442 1440
f 1435 1443 1861
f 1861 1431 1435
f 1437 1424 1423
f 1437 1423 1436
f 1438 1465 1445
f 1436 1438 1445
f 1436 1445 1437
f 1439 1441 1434
f 1437 1445 1439
f 1434 1418 1424
f 1434 1424 1437
f 1434 1437 1439
f 1441 1450 1442
f 1442 1450 1449
f 1455 1435 1440
f 1455 1440 1442
f 1443 1435 1455
f 1865 1443 1455
f 1442 1449 1455
f 1455 1444 1865
f 1441 1439 1448
f 1448 1439 1445
f 1447 1445 1465
f 1447 1465 1463
f 1463 1446 1447
f 1448 1451 1450
f 1448 1450 1441
f 1447 1451 1448
f 1445 1447 1448
f 1453 1449 1450
f 1452 1450 1451
f 1452 1348 1453
f 1452 1453 1450
f 1351 1868 1444
f 1454 1351 1444
f 1454 1455 1449
f 1454 1449 1453
f 1454 1444 1455
f 1453 1348 1454
f 1451 1447 1456
f 1452 1451 1456
f 1457 1446 1458
f 1456 1447 1446
f 1456 1446 1457
f 1458 1344 1346
f 1458 1346 1457
f 1456 1457 1452
f 1460 1344 1458
f 1458 1446 1459
f 1458 1459 1460
f 1461 1344 1460
f 1464 1462 1508
f 1464 1508 1492
f 1492 1459 1464
f 1464 1459 1463
f 1463 1459 1446
f 1463 1465 1464
f 1464 1465 1462
f 1466 1438 1436
f 1438 1462 1465
f 1468 1467 1511
f 1466 1467 1468
f 1468 1508 1462
f 1468 1462 1438
f 1468 1438 1466
f 1470 1466 1436
f 1469 1471 1472
f 1469 1472 1470
f 1515 1472 1473
f 1470 1472 1515
f 1467 1466 1470
f 1515 1467 1470
f 1395 1474 1620
f 1620 1621 1475
f 1475 1621 1626
f 1475 1626 1476
f 1478 1475 1476
f 1476 1629 1477
f 1476 1477 1478
f 1395 1384 1482
f 1482 1384 1479
f 1480 1394 1481
f 1482 1474 1395
f 1481 1394 1389
f 1483 1481 1389
f 1483 1389 1398
f 1484 1485 1616
f 1398 1484 1483
f 1483 1484 1616
f 1616 1485 2494
f 1486 1471 1429
f 1486 1429 1488
f 1487 1472 1471
f 1487 1471 1486
f 1488 1489 1486
f 1487 1486 1519
f 1473 1472 1487
f 1519 1473 1487
f 1522 1490 1628
f 1490 1522 1491
f 1522 1489 1491
f 1491 1489 1488
f 1491 1488 1629
f 1490 1491 1629
f 1459 1492 1493
f 1460 1459 1493
f 1493 1492 1494
f 1493 1342 1461
f 1493 1461 1460
f 1494 1495 1496
f 1493 1494 1496
f 1496 1495 1530
f 1496 1530 1497
f 1497 1498 1496
f 1496 1498 1342
f 1496 1342 1493
f 1497 1530 1499
f 1499 1530 1529
f 1497 1499 1500
f 1499 1529 1501
f 1502 1499 1501
f 1500 1499 1502
f 1502 1336 1500
f 1500 1498 1497
f 1502 1504 1506
f 1502 1501 1504
f 1506 1331 1503
f 1506 1503 1502
f 1502 1503 1336
f 1506 1504 1505
f 1331 1505 1333
f 1505 1331 1506
f 1507 1494 1492
f 1492 1508 1507
f 1507 1512 1509
f 1507 1509 1510
f 1507 1508 1512
f 1510 1494 1507
f 1512 1508 1468
f 1511 1512 1468
f 1513 1512 1511
f 1513 1511 1539
f 1514 1512 1513
f 1515 1511 1467
f 1516 1511 1515
f 1515 1473 1517
f 1515 1517 1516
f 1517 1521 1518
f 1516 1517 1518
f 1539 1511 1516
f 1518 1539 1516
f 1520 1517 1473
f 1519 1520 1473
f 1486 1489 1524
f 1486 1524 1523
f 1486 1523 1519
f 1519 1523 1546
f 1520 1519 1546
f 1546 1521 1520
f 1520 1521 1517
f 1522 1632 1549
f 1522 1524 1489
f 1549 1523 1524
f 1549 1524 1522
f 1509 1512 1542
f 1509 1542 1526
f 1509 1526 1525
f 1510 1509 1525
f 1525 1526 1527
f 1530 1495 1525
f 1527 1530 1525
f 1510 1495 1494
f 1525 1495 1510
f 1527 1526 1528
f 1528 1526 1531
f 1528 1530 1527
f 1528 1529 1530
f 1528 1531 1532
f 1532 1533 1534
f 1538 1504 1501
f 1538 1501 1534
f 1532 1529 1528
f 1534 1501 1529
f 1532 1534 1529
f 1533 1535 1536
f 1534 1533 1536
f 1536 1535 1561
f 1536 1561 1537
f 1537 1505 1538
f 1537 1538 1536
f 1536 1538 1534
f 1538 1505 1504
f 1514 1542 1512
f 1539 1540 1541
f 1514 1513 1539
f 1514 1539 1541
f 1514 1541 1542
f 1554 1526 1542
f 1541 1554 1542
f 1544 1540 1539
f 1544 1539 1518
f 1518 1521 1545
f 1518 1545 1543
f 1518 1543 1544
f 1540 1544 1543
f 1545 1521 1546
f 1547 1545 1546
f 1546 1550 1547
f 1548 1543 1545
f 1564 1548 1545
f 1564 1545 1547
f 1523 1549 1550
f 1550 1549 1636
f 1551 1636 1646
f 1550 1636 1551
f 1552 1550 1551
f 1552 1547 1550
f 1550 1546 1523
f 1541 1540 1553
f 1541 1553 1554
f 1554 1553 1555
f 1555 1531 1554
f 1531 1526 1554
f 1555 1556 1557
f 1531 1555 1557
f 1533 1532 1531
f 1557 1533 1531
f 1557 1556 1558
f 1557 1558 1559
f 1559 1558 1560
f 1559 1560 1561
f 1561 1535 1559
f 1559 1535 1533
f 1559 1533 1557
f 1543 1553 1540
f 1563 1553 1543
f 1543 1562 1563
f 1569 1555 1553
f 1563 1569 1553
f 1574 1543 1548
f 1564 1547 1566
f 1564 1566 1574
f 1548 1564 1574
f 1573 1562 1574
f 1574 1562 1543
f 1551 1646 1645
f 1552 1551 1565
f 1565 1551 1645
f 1645 1654 1650
f 1565 1645 1650
f 1565 1650 1577
f 1579 1574 1566
f 1577 1579 1565
f 1565 1579 1566
f 1552 1566 1547
f 1565 1566 1552
f 1563 1562 1572
f 1563 1572 1569
f 1569 1567 1568
f 1569 1572 1567
f 1568 1556 1569
f 1569 1556 1555
f 1568 1567 1570
f 1568 1570 2488
f 2488 1570 2489
f 2487 2480 1560
f 2487 1560 1571
f 1571 1560 1558
f 2488 2487 1571
f 1571 1558 1556
f 1571 1556 1568
f 2488 1571 1568
f 1573 1572 1562
f 1574 1579 1575
f 1573 1574 1575
f 1573 1575 1576
f 1576 1567 1572
f 1576 1572 1573
f 1579 1577 1578
f 1577 1650 1653
f 1578 1575 1579
f 2511 2489 1570
f 2511 1570 1580
f 1581 2511 1580
f 1580 1567 1576
f 1580 1570 1567
f 1581 1580 1576
f 1576 1575 1581
f 1581 2515 1582
f 1581 1575 2515
f 1578 1577 1653
f 1578 1653 1655
f 1578 1655 1583
f 1578 1583 1584
f 1584 2515 1575
f 1584 1575 1578
f 2503 1587 1586
f 1586 1587 1585
f 1586 1585 1618
f 2542 2544 1587
f 1587 2503 2542
f 1587 1739 1585
f 1585 1739 1588
f 1588 1618 1585
f 1619 1592 1624
f 1624 1592 1589
f 1589 1622 1624
f 1590 1588 1735
f 1590 1735 1591
f 1591 1589 1592
f 1591 1592 1590
f 1619 1618 1588
f 1590 1619 1588
f 1590 1592 1619
f 1595 1597 1593
f 1594 1595 1593
f 1595 1622 1589
f 1597 1595 1589
f 1734 1733 1596
f 1596 1593 1597
f 1596 1597 1734
f 1734 1597 1589
f 1734 1589 1591
f 1598 1605 1599
f 1598 1599 1631
f 1593 1631 1594
f 1598 1631 1593
f 1596 1733 1600
f 1596 1600 1731
f 1596 1731 1598
f 1593 1596 1598
f 1598 1731 1601
f 1598 1601 1605
f 1599 1605 1603
f 1603 1610 1633
f 1603 1633 1599
f 1602 1603 1605
f 1604 1602 1605
f 1604 1605 1601
f 1606 1602 1609
f 1606 1609 1611
f 1607 1606 1611
f 1607 1611 1608
f 1608 1677 1607
f 1677 1639 1607
f 1604 1724 1609
f 1609 1724 1659
f 1659 1611 1609
f 1609 1602 1604
f 1639 1610 1607
f 1607 1610 1603
f 1603 1602 1606
f 1603 1606 1607
f 1608 1611 1612
f 1612 1611 1659
f 1613 1614 1608
f 1608 1614 1677
f 2494 2503 1616
f 1615 1481 1483
f 1483 1616 1615
f 1586 1618 1615
f 1616 2503 1586
f 1586 1615 1616
f 1482 1619 1474
f 1617 1619 1482
f 1482 1479 1617
f 1617 1480 1481
f 1617 1481 1615
f 1617 1479 1480
f 1624 1474 1619
f 1619 1617 1618
f 1618 1617 1615
f 1474 1623 1620
f 1621 1623 1622
f 1620 1623 1621
f 1623 1624 1622
f 1623 1474 1624
f 1621 1622 1625
f 1627 1476 1626
f 1625 1626 1621
f 1594 1627 1626
f 1595 1625 1622
f 1594 1626 1625
f 1594 1625 1595
f 1627 1631 1628
f 1628 1490 1627
f 1629 1476 1627
f 1627 1490 1629
f 1631 1599 1630
f 1630 1634 1628
f 1630 1628 1631
f 1631 1627 1594
f 1628 1634 1632
f 1632 1634 1637
f 1632 1522 1628
f 1630 1599 1633
f 1630 1633 1634
f 1637 1634 1610
f 1610 1634 1633
f 1632 1637 1635
f 1632 1635 1549
f 1635 1642 1636
f 1635 1636 1549
f 1610 1639 1640
f 1637 1610 1640
f 1642 1635 1640
f 1640 1635 1637
f 1646 1636 1638
f 1646 1638 1643
f 1636 1642 1638
f 1638 1642 1641
f 1640 1639 1647
f 1640 1647 1641
f 1641 1642 1640
f 1646 1643 1644
f 1644 1651 1645
f 1644 1643 1651
f 1644 1645 1646
f 1666 1647 1639
f 1639 1677 1648
f 1639 1648 1666
f 1648 1649 1670
f 1677 1676 1649
f 1648 1677 1649
f 1654 1645 1651
f 1673 1675 1651
f 1651 1675 1654
f 1656 1680 1682
f 1652 1680 1656
f 1656 1653 1652
f 1680 1652 1654
f 1652 1653 1650
f 1652 1650 1654
f 1656 1655 1653
f 1682 1712 1655
f 1682 1655 1656
f 1695 1613 1612
f 1612 1613 1608
f 1659 1658 1657
f 1657 1612 1659
f 1661 1676 1660
f 1660 1614 1613
f 1660 1676 1614
f 1613 1694 1664
f 1662 1663 1664
f 1664 1694 1662
f 1664 1663 1661
f 1664 1661 1660
f 1664 1660 1613
f 1665 1668 1667
f 1666 1665 1667
f 1666 1641 1647
f 1666 1667 1641
f 1638 1641 1667
f 1638 1667 1668
f 1668 1651 1643
f 1668 1643 1638
f 1649 1669 1672
f 1670 1649 1672
f 1672 1671 1674
f 1674 1668 1670
f 1670 1668 1665
f 1674 1670 1672
f 1670 1666 1648
f 1670 1665 1666
f 1671 1687 1673
f 1674 1671 1673
f 1651 1668 1674
f 1673 1651 1674
f 1687 1684 1675
f 1675 1673 1687
f 1687 1671 1688
f 1684 1681 1675
f 1654 1675 1681
f 1669 1688 1671
f 1669 1671 1672
f 1669 1649 1676
f 1690 1688 1669
f 1676 1677 1614
f 1681 1678 1679
f 1679 1682 1680
f 1679 1680 1681
f 1681 1680 1654
f 1710 1682 1679
f 1679 1704 1710
f 1710 1683 1682
f 1686 1681 1684
f 1684 1685 1686
f 1687 1689 1684
f 1690 1661 1663
f 1685 1684 1689
f 1663 1685 1689
f 1663 1689 1690
f 1689 1687 1688
f 1690 1689 1688
f 1669 1676 1661
f 1669 1661 1690
f 1693 1686 1685
f 1692 1693 1685
f 1663 1662 1692
f 1663 1692 1685
f 1691 1693 1692
f 1699 1693 1691
f 1692 1662 1694
f 1694 1613 1695
f 1695 1691 1694
f 1694 1691 1692
f 1695 1697 1691
f 1697 1699 1691
f 1697 1695 1612
f 1612 1657 1696
f 1612 1696 1697
f 1681 1686 1678
f 1678 1686 1698
f 1678 1698 1705
f 1686 1693 1703
f 1703 1698 1686
f 1697 1696 1701
f 1697 1701 1699
f 1699 1701 1700
f 1701 1707 1700
f 1700 1707 1702
f 1700 1702 1703
f 1702 1705 1698
f 1698 1703 1702
f 1703 1693 1699
f 1703 1699 1700
f 1704 1679 1678
f 1705 1704 1678
f 1705 1711 1704
f 1706 1705 1702
f 1702 1707 1706
f 1706 1709 1711
f 1706 1707 1709
f 1706 1711 1705
f 1707 1701 1708
f 1708 1701 1696
f 1708 1709 1707
f 1711 1718 1704
f 1704 1718 1683
f 1704 1683 1710
f 1683 1713 1712
f 1712 1682 1683
f 1712 1713 1720
f 1712 1720 2523
f 1711 1709 1719
f 1714 1719 1709
f 1714 1709 1708
f 1716 1717 1715
f 1715 1714 1708
f 1715 1708 1716
f 1713 1683 1718
f 1718 1719 1717
f 1717 1713 1718
f 1719 1718 1711
f 1715 1719 1714
f 1715 1717 1719
f 1720 1716 2527
f 1720 1713 1717
f 1717 1716 1720
f 1658 1659 1722
f 1658 1722 1721
f 1721 1722 1723
f 1723 2550 1721
f 1724 1722 1659
f 1725 1723 1722
f 1725 1722 1724
f 1725 1728 1723
f 1729 1727 1726
f 1726 1725 1724
f 1725 1726 1728
f 1728 1726 1727
f 1728 1727 1780
f 1726 1724 1604
f 1730 1601 1731
f 1729 1604 1601
f 1729 1601 1730
f 1730 1727 1729
f 1604 1729 1726
f 1730 1778 1727
f 1778 1730 1731
f 1732 1731 1600
f 1600 1773 1732
f 1731 1732 1778
f 1734 1591 1736
f 1770 1734 1736
f 1733 1734 1770
f 1770 1773 1733
f 1733 1773 1600
f 1736 1591 1735
f 1735 1739 1737
f 1738 1735 1737
f 1738 1736 1735
f 1770 1736 1769
f 1738 1769 1736
f 1737 1766 1771
f 1738 1737 1771
f 1771 1769 1738
f 1735 1588 1739
f 1739 1741 1740
f 1737 1739 1740
f 1742 1740 1741
f 1766 1737 1740
f 1742 1766 1740
f 1739 1587 2544
f 2541 1744 2544
f 2544 1744 1741
f 2544 1741 1739
f 1742 1741 1744
f 1743 1744 2548
f 1745 1747 1748
f 1747 1745 1746
f 1748 1750 1768
f 1752 1768 1749
f 1749 1768 1750
f 1750 1748 1747
f 1768 1752 1751
f 1751 1752 1776
f 1751 1776 1772
f 1751 1772 1768
f 1776 1752 1753
f 1776 1753 1775
f 1775 1753 1754
f 1752 1793 1792
f 1792 1796 1753
f 1752 1792 1753
f 1753 1796 1754
f 1754 1755 1757
f 1775 1754 1757
f 1757 1755 1781
f 1754 1796 1756
f 1754 1756 1755
f 1755 1756 1758
f 1755 1758 1781
f 1781 1758 1759
f 1760 1759 2564
f 1781 1759 1760
f 1758 1785 1759
f 1761 1782 1760
f 2564 1761 1760
f 1762 1742 1744
f 1762 1743 2560
f 1762 1744 1743
f 2560 2555 1763
f 1763 2555 1745
f 1763 1745 1748
f 1763 1748 1764
f 1764 1762 1763
f 1763 1762 2560
f 1767 1765 1766
f 1767 1766 1742
f 1767 1742 1762
f 1767 1762 1764
f 1764 1748 1768
f 1764 1768 1765
f 1765 1767 1764
f 1766 1765 1771
f 1769 1776 1770
f 1765 1768 1772
f 1765 1772 1771
f 1771 1772 1769
f 1776 1769 1772
f 1770 1776 1774
f 1770 1774 1773
f 1776 1775 1774
f 1773 1774 1777
f 1732 1779 1778
f 1777 1779 1732
f 1777 1732 1773
f 1775 1757 1777
f 1757 1779 1777
f 1777 1774 1775
f 1778 1779 1782
f 1778 1782 1727
f 1779 1757 1781
f 1727 1782 1780
f 1779 1781 1782
f 1782 1781 1760
f 1783 1723 1728
f 1783 1728 1780
f 2550 1723 1783
f 1780 1782 1761
f 1780 1761 1783
f 1783 1761 2552
f 2567 1759 1784
f 1784 1759 1785
f 1785 1758 1756
f 1756 1796 1795
f 1795 1788 1756
f 1784 1785 1786
f 1786 1785 1787
f 1787 1785 1756
f 1787 1756 1788
f 2578 1786 1789
f 1812 2578 1789
f 1789 1786 1787
f 1790 1789 1787
f 1790 1787 1788
f 1791 1789 1790
f 1793 1797 1794
f 1793 1794 1792
f 1792 1794 1795
f 1792 1795 1796
f 1797 1799 1798
f 1797 1798 1794
f 1798 1790 1788
f 1798 1795 1794
f 1788 1795 1798
f 1790 1798 1799
f 1791 1790 1799
f 1799 1809 1810
f 1810 1791 1799
f 1793 1749 1803
f 1803 1797 1793
f 1793 1752 1749
f 1797 1803 1800
f 1800 1801 1797
f 1799 1797 1801
f 1801 1809 1799
f 1805 1750 1747
f 1802 1750 1805
f 1805 1807 1802
f 1803 1749 1750
f 1803 1750 1802
f 1807 1801 1800
f 1800 1803 1802
f 1800 1802 1807
f 1801 1807 1808
f 1809 1801 1808
f 1808 1813 1809
f 1804 1807 1805
f 1805 1747 1746
f 1805 1746 1804
f 1806 2574 1808
f 1807 1804 1806
f 1808 1807 1806
f 1810 1811 1812
f 1791 1812 1789
f 1812 1791 1810
f 1809 1813 1814
f 1814 1813 2586
f 1811 1810 1814
f 1810 1809 1814
f 1815 1294 1293
f 1815 1816 1294
f 1815 1293 1292
f 1815 1292 1819
f 1815 1819 1824
f 1824 1902 1816
f 1816 1902 1904
f 1824 1816 1815
f 1904 1817 1816
f 1816 1817 1294
f 1296 1294 1817
f 1296 1817 1818
f 1898 1826 1818
f 1818 1826 1297
f 1296 1818 1297
f 1296 1295 1294
f 1819 1292 1300
f 1819 1300 1820
f 1820 1300 1821
f 1820 1821 1822
f 1822 1905 1823
f 1822 1823 1820
f 1820 1823 1824
f 1820 1824 1819
f 1350 1825 1895
f 1826 1825 1350
f 1821 1360 1827
f 1827 1360 1906
f 1822 1821 1827
f 1828 1359 1364
f 1906 1360 1359
f 1906 1359 1828
f 1828 1833 1907
f 1828 1907 1906
f 1827 1909 1905
f 1827 1905 1822
f 1906 1909 1827
f 1364 1830 1829
f 1829 1850 1831
f 1829 1831 1832
f 1364 1833 1828
f 1829 1832 1833
f 1829 1833 1364
f 1834 2344 1835
f 1834 1835 1836
f 1837 1370 1369
f 1839 1837 1369
f 1834 1836 1837
f 1834 1837 1839
f 1368 1838 1839
f 1834 1839 1838
f 1369 1368 1839
f 1840 1841 1368
f 1847 1841 1840
f 1847 1840 1842
f 1842 1843 1844
f 1842 1844 1847
f 1847 1844 1846
f 1844 1843 1845
f 1846 1878 1841
f 1846 1841 1847
f 1838 1368 1841
f 1838 1841 1878
f 1878 1834 1838
f 1836 1835 1848
f 1836 1848 1849
f 1850 1829 1849
f 1849 1848 1850
f 1849 1829 1830
f 1830 1370 1837
f 1849 1830 1837
f 1849 1837 1836
f 1852 1843 1387
f 1852 1845 1843
f 1387 1388 1851
f 1387 1851 1852
f 1856 1871 1852
f 1851 1856 1852
f 1852 1871 1869
f 1852 1869 1845
f 1854 1851 1388
f 1854 1388 1416
f 1856 1851 1854
f 1855 1856 1854
f 1415 1853 1854
f 1854 1853 1855
f 1416 1415 1854
f 1855 1853 1859
f 1853 1415 1432
f 1431 1860 1857
f 1432 1431 1857
f 1858 1859 1857
f 1857 1859 1853
f 1857 1853 1432
f 1861 1860 1431
f 1861 1866 1862
f 1862 1857 1860
f 1862 1860 1861
f 1443 1866 1861
f 1865 1444 1863
f 1864 1863 1885
f 1865 1863 1864
f 1864 1866 1865
f 1865 1866 1443
f 1887 1885 1863
f 1887 1863 1868
f 1867 1887 1868
f 1868 1863 1444
f 1351 1350 1867
f 1868 1351 1867
f 1870 1869 1871
f 1871 1856 1872
f 1872 1873 1874
f 1872 1874 1871
f 1874 1875 1870
f 1871 1874 1870
f 1870 1875 1879
f 1879 1875 1876
f 1879 1876 1877
f 1876 1926 1877
f 1877 1878 1846
f 1879 1844 1845
f 1879 1845 1869
f 1879 1869 1870
f 1846 1844 1879
f 1846 1879 1877
f 1855 1859 1945
f 1855 1945 1880
f 1880 1945 1946
f 1880 1873 1872
f 1880 1872 1856
f 1880 1856 1855
f 1884 1857 1862
f 1881 1882 1884
f 1858 1857 1884
f 1858 1884 1882
f 1882 1881 1941
f 1882 1941 1943
f 1943 1945 1882
f 1858 1945 1859
f 1882 1945 1858
f 1883 1862 1866
f 1883 1866 1864
f 1884 1862 1883
f 1864 1885 1886
f 1883 1864 1886
f 1883 1886 1884
f 1894 1941 1881
f 1886 1894 1881
f 1884 1886 1881
f 1887 1867 1889
f 1867 1350 1888
f 1889 1867 1888
f 1888 1954 1889
f 1890 1887 1889
f 1891 1950 1892
f 1891 1892 1893
f 1893 1894 1886
f 1893 1892 1894
f 1885 1887 1890
f 1886 1885 1893
f 1893 1885 1890
f 1893 1890 1891
f 1888 1350 1895
f 1895 1901 1888
f 1817 1896 1897
f 1818 1817 1897
f 1897 1896 2147
f 1897 2146 1898
f 1897 1898 1818
f 1900 1898 2146
f 1900 2146 1967
f 1900 1967 1899
f 1899 1901 1900
f 1900 1901 1895
f 1825 1826 1898
f 1825 1898 1900
f 1895 1825 1900
f 1896 1817 1904
f 1902 1824 1903
f 1902 1903 2137
f 1904 1902 2137
f 1823 1905 2127
f 1905 1909 2127
f 2132 1903 1824
f 1823 2132 1824
f 1918 1907 1833
f 1918 1833 1908
f 1906 1907 1918
f 1918 1919 1906
f 1919 2123 1909
f 1906 1919 1909
f 1908 1833 1832
f 1908 1832 1916
f 1916 1832 1831
f 1916 1831 1914
f 1914 1831 1850
f 1914 1850 1910
f 1910 1850 1848
f 1910 1848 1911
f 1911 1848 1835
f 1911 1835 1921
f 1910 1912 1914
f 1911 1912 1910
f 1921 1835 2344
f 1878 1877 1913
f 1877 1926 1913
f 1913 1926 2343
f 1913 1834 1878
f 1916 1914 1915
f 1915 2109 1916
f 1916 1917 1908
f 1916 2109 1917
f 1908 1917 1918
f 2123 2122 1909
f 1912 1911 1920
f 1920 2105 1912
f 1912 1915 1914
f 1912 2105 1915
f 1924 1911 1921
f 1923 1922 1925
f 1923 1925 1924
f 1924 1925 1920
f 1920 1911 1924
f 1927 1926 1876
f 1927 1876 1930
f 1930 1875 1928
f 1930 1876 1875
f 1928 1929 2074
f 1928 2074 1930
f 1930 2074 2080
f 1930 2080 1927
f 1932 1926 1927
f 2080 1931 1933
f 2080 1933 1934
f 1927 2080 1934
f 1927 1934 1932
f 1932 1934 2345
f 2345 2343 1932
f 1932 2343 1926
f 1875 1874 1935
f 1928 1875 1935
f 1928 1935 1936
f 1873 1938 1937
f 1935 1874 1873
f 1935 1873 1937
f 1935 1937 1936
f 1937 1938 1949
f 1937 1949 1939
f 1936 1937 1939
f 1936 1939 1940
f 1936 1940 1929
f 1936 1929 1928
f 1941 1894 1942
f 1941 1942 1943
f 1946 1943 1942
f 1946 1942 1944
f 1946 1945 1943
f 1946 1944 1947
f 1880 1946 1947
f 1947 1944 1948
f 1948 1949 1938
f 1948 1938 1947
f 1938 1873 1880
f 1947 1938 1880
f 1942 1894 1892
f 1952 1950 1951
f 1952 1892 1950
f 1951 2041 2040
f 1951 2040 1952
f 1952 2040 2039
f 1892 1952 1942
f 1953 1888 1901
f 1954 1888 1953
f 1954 1953 1964
f 1964 1965 1954
f 1954 1965 1955
f 1954 1955 1889
f 1890 1889 1955
f 1891 1890 1955
f 1891 1955 1959
f 1955 1965 1970
f 1959 1955 1970
f 1956 1957 1958
f 1956 1958 1970
f 1970 1958 1959
f 1959 1951 1950
f 1959 1950 1891
f 1966 1969 1980
f 1963 1966 1980
f 1963 1980 1960
f 1966 1899 1969
f 1964 1966 1963
f 1960 1961 1963
f 1963 1961 1962
f 1963 1962 1965
f 1963 1965 1964
f 1953 1901 1899
f 1953 1899 1966
f 1964 1953 1966
f 1899 1967 1968
f 1968 1969 1899
f 1970 1965 1962
f 1970 1962 1971
f 1956 1970 1971
f 1973 1961 1972
f 1971 1962 1961
f 1971 1961 1973
f 1972 1974 2048
f 1972 2048 1973
f 1971 1957 1956
f 1973 2048 1957
f 1973 1957 1971
f 1977 1980 1975
f 1975 1976 1977
f 1977 1961 1960
f 1960 1980 1977
f 1969 1968 1978
f 1978 2149 1979
f 1978 1975 1980
f 1979 1975 1978
f 1978 1980 1969
f 1972 1961 1977
f 1972 1977 1974
f 1974 1977 1976
f 1974 1976 1981
f 1975 1988 1976
f 1982 1988 1989
f 1976 1988 1982
f 1981 1976 1982
f 1983 1984 1985
f 1982 1983 1985
f 1985 2186 1981
f 1982 1985 1981
f 1986 2152 1987
f 1986 1987 1991
f 1991 1989 1988
f 1991 1988 1986
f 1979 1988 1975
f 1986 1988 1979
f 1989 1990 2261
f 1989 2261 1983
f 1989 1983 1982
f 1991 1990 1989
f 1995 1990 1991
f 1992 1995 1991
f 1991 1987 1992
f 1992 1993 1994
f 1994 1995 1992
f 1996 1958 1957
f 1996 1957 1998
f 1997 1959 1958
f 1997 1958 1996
f 1998 1999 1996
f 1996 2042 2000
f 1996 2000 1997
f 1997 2041 1951
f 2000 2042 2041
f 1997 2000 2041
f 1997 1951 1959
f 1939 1949 2020
f 1939 2020 2001
f 2001 2020 2019
f 2001 2019 2002
f 1940 1939 2001
f 1940 2001 2003
f 2003 2001 2002
f 2004 2005 2006
f 2004 2006 2008
f 2007 2004 2008
f 2002 2019 2005
f 2002 2005 2004
f 2003 2002 2004
f 2003 2004 2007
f 2007 2009 2075
f 2007 2075 2010
f 2012 2007 2010
f 2012 2010 2011
f 2008 2009 2007
f 2007 2012 2003
f 2011 1929 1940
f 2011 1940 2012
f 2003 2012 1940
f 1948 1944 2013
f 1948 2013 2014
f 2017 2015 2016
f 2017 2016 2018
f 2014 2013 2015
f 2014 2015 2017
f 2018 2006 2005
f 2018 2005 2017
f 2017 2005 2019
f 2017 2019 2014
f 2014 2020 1949
f 2014 1949 1948
f 2014 2019 2020
f 2008 2006 2021
f 2008 2021 2023
f 2023 2021 2022
f 2023 2022 2025
f 2025 2022 2024
f 2025 2024 2066
f 2026 2027 2028
f 2066 2027 2026
f 2066 2026 2025
f 2029 2075 2009
f 2029 2009 2030
f 2023 2030 2009
f 2023 2009 2008
f 2028 2029 2030
f 2028 2030 2026
f 2025 2026 2030
f 2025 2030 2023
f 2018 2016 2032
f 2032 2016 2031
f 2032 2031 2035
f 2033 2044 2034
f 2035 2033 2034
f 2035 2031 2033
f 2072 2024 2022
f 2072 2022 2036
f 2034 2072 2036
f 2034 2036 2035
f 2032 2021 2006
f 2032 2006 2018
f 2036 2022 2021
f 2036 2021 2032
f 2035 2036 2032
f 2037 2016 2015
f 2037 2015 2038
f 2038 2015 2013
f 2038 2013 2039
f 2039 2013 1944
f 1942 1952 2039
f 1944 1942 2039
f 2038 2040 2041
f 2038 2041 2037
f 2039 2040 2038
f 2037 2041 2042
f 2043 1996 1999
f 2043 1999 2044
f 2042 1996 2043
f 2044 2033 2043
f 2043 2033 2031
f 2043 2031 2042
f 2042 2031 2016
f 2042 2016 2037
f 2047 2048 1974
f 2047 1974 2045
f 2045 2046 2047
f 1998 2047 1999
f 1998 1957 2048
f 1998 2048 2047
f 1999 2047 2046
f 2044 1999 2046
f 2044 2046 2053
f 2053 2046 2052
f 2046 2045 2050
f 2049 2046 2050
f 2052 2046 2049
f 2050 2051 2049
f 2056 2054 2055
f 2056 2055 2059
f 2058 2057 2054
f 2058 2054 2056
f 2062 2059 2060
f 2062 2060 2061
f 2062 2061 2063
f 2059 2062 2056
f 2056 2062 2058
f 2064 2027 2065
f 2066 2065 2027
f 2063 2064 2065
f 2063 2065 2062
f 2058 2062 2065
f 2058 2065 2066
f 2058 2024 2057
f 2066 2024 2058
f 2034 2044 2053
f 2053 2052 2067
f 2034 2053 2072
f 2072 2053 2067
f 2068 2049 2051
f 2068 2051 2069
f 2070 2068 2069
f 2067 2052 2049
f 2067 2049 2068
f 2067 2068 2070
f 2071 2055 2054
f 2071 2054 2057
f 2070 2071 2057
f 2070 2057 2067
f 2057 2024 2072
f 2067 2057 2072
f 2073 2074 1929
f 2073 1929 2011
f 2077 2074 2073
f 2010 2075 2076
f 2010 2076 2077
f 2011 2010 2073
f 2073 2010 2077
f 2077 2076 2078
f 2077 2078 2079
f 2079 2080 2074
f 2079 2074 2077
f 2081 2075 2029
f 2084 2081 2029
f 2084 2029 2028
f 2081 2076 2075
f 2082 2081 2084
f 2028 2027 2083
f 2028 2083 2084
f 2084 2083 2097
f 2084 2097 2082
f 2082 2096 2085
f 2082 2097 2096
f 2086 2078 2076
f 2086 2076 2081
f 2082 2086 2081
f 2061 2060 2087
f 2061 2087 2088
f 2088 2087 2089
f 2063 2061 2088
f 2063 2088 2090
f 2090 2088 2089
f 2090 2089 2091
f 2094 2092 2093
f 2094 2093 2095
f 2091 2089 2092
f 2091 2092 2094
f 2095 2096 2094
f 2094 2096 2097
f 2094 2097 2091
f 2083 2027 2064
f 2090 2083 2064
f 2090 2064 2063
f 2091 2097 2083
f 2091 2083 2090
f 2079 1931 2080
f 2099 1931 2079
f 2079 2078 2099
f 2099 2078 2098
f 2102 2078 2086
f 2085 2102 2086
f 2085 2086 2082
f 2085 2096 2100
f 2085 2100 2101
f 2102 2098 2078
f 2101 2102 2085
f 1915 2104 2118
f 1915 2105 2104
f 2105 1920 2108
f 2105 2108 2103
f 2108 1925 1922
f 2108 1922 2346
f 2106 2108 2346
f 2106 2107 2103
f 2108 1920 1925
f 2103 2108 2106
f 1915 2118 2120
f 1915 2120 2109
f 2120 2110 1917
f 2109 2120 1917
f 2111 2113 2114
f 2112 2183 2111
f 2112 2111 2114
f 2114 2113 2118
f 2118 2104 2114
f 2112 2105 2103
f 2114 2104 2105
f 2114 2105 2112
f 2115 2107 2347
f 2350 2115 2347
f 2116 2115 2350
f 2117 2349 2183
f 2350 2117 2116
f 2116 2183 2112
f 2116 2117 2183
f 2103 2107 2115
f 2112 2103 2116
f 2116 2103 2115
f 2118 2113 2175
f 2118 2175 2119
f 2119 2110 2120
f 2119 2120 2118
f 1919 1918 1917
f 1919 1917 2121
f 1917 2110 2121
f 2121 2126 2122
f 2121 2122 2123
f 2121 2123 1919
f 2125 2119 2124
f 2125 2126 2121
f 2125 2121 2110
f 2125 2110 2119
f 2127 1909 2122
f 2127 2122 2128
f 2128 2132 2127
f 2127 2132 1823
f 2128 2122 2131
f 2131 2126 2129
f 2131 2122 2126
f 2129 2130 2131
f 2131 2130 1903
f 2131 1903 2132
f 2131 2132 2128
f 2135 2125 2124
f 2135 2124 2133
f 2136 2125 2135
f 2133 2134 2135
f 2135 2134 2142
f 2135 2142 2136
f 2136 2142 2129
f 2126 2125 2136
f 2129 2126 2136
f 1904 2137 2138
f 2138 1896 1904
f 2138 2140 1896
f 2137 1903 2130
f 2137 2130 2139
f 2138 2137 2139
f 2144 2154 2138
f 2139 2144 2138
f 2138 2154 2140
f 2142 2134 2141
f 2141 2157 2143
f 2141 2143 2142
f 2145 2144 2139
f 2142 2143 2144
f 2142 2144 2145
f 2139 2130 2129
f 2139 2129 2145
f 2145 2129 2142
f 2148 1968 1967
f 2148 1967 2146
f 2147 2148 2146
f 2147 2146 1897
f 2147 1896 2140
f 2148 1978 1968
f 2149 2148 2147
f 2147 2140 2154
f 2149 2147 2154
f 2149 1978 2148
f 2150 2143 2157
f 2150 2157 2151
f 2152 1986 2153
f 2151 2152 2150
f 2150 2152 2153
f 2153 1979 2149
f 2153 1986 1979
f 2154 2144 2143
f 2154 2143 2150
f 2149 2154 2153
f 2153 2154 2150
f 2156 1992 1987
f 2156 1987 2152
f 2155 2156 2152
f 2155 2152 2151
f 2151 2157 2158
f 2158 2157 2159
f 2151 2158 2155
f 2162 2160 2161
f 2158 2159 2160
f 2155 2158 2160
f 2155 2160 2162
f 2321 1993 2163
f 2163 1993 1992
f 2163 1992 2156
f 2161 2321 2163
f 2161 2163 2162
f 2162 2163 2156
f 2162 2156 2155
f 2141 2159 2157
f 2141 2134 2164
f 2165 2330 2166
f 2164 2168 2165
f 2141 2164 2165
f 2141 2165 2166
f 2330 2161 2160
f 2330 2160 2166
f 2166 2160 2159
f 2166 2159 2141
f 2164 2134 2133
f 2167 2164 2133
f 2168 2164 2167
f 2133 2124 2167
f 2169 2165 2168
f 2170 2167 2124
f 2173 2168 2167
f 2173 2167 2170
f 2119 2175 2170
f 2170 2171 2173
f 2124 2119 2170
f 2173 2172 2174
f 2173 2171 2172
f 2174 2169 2173
f 2173 2169 2168
f 2178 2171 2170
f 2178 2170 2175
f 2176 2178 2175
f 2175 2113 2176
f 2176 2111 2177
f 2176 2113 2111
f 2177 2178 2176
f 2180 2224 2182
f 2180 2182 2181
f 2352 2180 2179
f 2179 2180 2181
f 2181 2182 2171
f 2181 2171 2178
f 2177 2181 2178
f 2179 2181 2177
f 2177 2111 2183
f 2177 2183 2349
f 2177 2349 2179
f 2184 2100 2096
f 2184 2096 2095
f 2095 2093 2185
f 2185 2355 2353
f 2351 2185 2353
f 2095 2185 2351
f 2351 2100 2184
f 2351 2184 2095
f 2188 1981 2186
f 2255 2189 2191
f 2255 2191 2186
f 2186 2191 2187
f 1985 2255 2186
f 2186 2187 2188
f 2045 1974 1981
f 2045 1981 2188
f 2050 2045 2188
f 2050 2188 2187
f 2051 2187 2191
f 2190 2205 2191
f 2191 2205 2192
f 2191 2192 2051
f 2189 2190 2191
f 2187 2051 2050
f 2195 2208 2249
f 2195 2249 2193
f 2196 2195 2193
f 2196 2193 2194
f 2197 2198 2199
f 2197 2199 2200
f 2194 2197 2200
f 2194 2200 2196
f 2201 2060 2059
f 2201 2059 2202
f 2203 2202 2059
f 2199 2201 2202
f 2199 2202 2200
f 2196 2200 2202
f 2196 2202 2203
f 2055 2208 2203
f 2203 2208 2195
f 2059 2055 2203
f 2203 2195 2196
f 2069 2051 2192
f 2069 2192 2204
f 2070 2069 2204
f 2205 2190 2206
f 2205 2206 2243
f 2204 2192 2205
f 2207 2249 2208
f 2243 2207 2205
f 2205 2207 2208
f 2208 2055 2071
f 2204 2208 2071
f 2204 2071 2070
f 2205 2208 2204
f 2199 2198 2233
f 2199 2233 2209
f 2209 2233 2210
f 2209 2210 2211
f 2213 2212 2214
f 2211 2210 2213
f 2215 2093 2092
f 2215 2092 2216
f 2216 2092 2089
f 2216 2089 2217
f 2214 2215 2216
f 2214 2216 2213
f 2213 2216 2217
f 2213 2217 2211
f 2218 2087 2060
f 2218 2060 2201
f 2209 2218 2201
f 2209 2201 2199
f 2217 2089 2087
f 2217 2087 2218
f 2211 2217 2218
f 2211 2218 2209
f 2219 2185 2093
f 2219 2093 2215
f 2220 2219 2215
f 2220 2215 2214
f 2212 2231 2221
f 2221 2231 2222
f 2214 2212 2221
f 2214 2221 2220
f 2221 2222 2357
f 2223 2221 2357
f 2223 2357 2355
f 2220 2221 2223
f 2355 2185 2219
f 2223 2355 2219
f 2223 2219 2220
f 2224 2180 2356
f 2224 2356 2225
f 2182 2224 2225
f 2182 2225 2226
f 2226 2169 2174
f 2172 2171 2182
f 2174 2172 2182
f 2226 2174 2182
f 2225 2331 2227
f 2226 2225 2227
f 2227 2165 2169
f 2227 2169 2226
f 2228 2241 2337
f 2337 2334 2229
f 2337 2229 2230
f 2337 2230 2228
f 2342 2222 2229
f 2231 2212 2232
f 2228 2231 2232
f 2229 2222 2231
f 2230 2229 2231
f 2230 2231 2228
f 2233 2198 2234
f 2235 2233 2234
f 2236 2210 2233
f 2236 2233 2235
f 2237 2238 2341
f 2237 2341 2239
f 2240 2239 2341
f 2234 2237 2239
f 2234 2239 2235
f 2235 2239 2240
f 2235 2240 2236
f 2241 2228 2242
f 2240 2241 2242
f 2240 2242 2236
f 2232 2212 2213
f 2232 2213 2242
f 2242 2213 2210
f 2242 2210 2236
f 2228 2232 2242
f 2243 2206 2244
f 2244 2245 2246
f 2244 2246 2247
f 2244 2206 2245
f 2247 2271 2248
f 2247 2248 2244
f 2248 2249 2207
f 2243 2248 2207
f 2244 2248 2243
f 2193 2249 2250
f 2250 2249 2248
f 2194 2193 2250
f 2194 2250 2251
f 2250 2248 2271
f 2250 2271 2252
f 2251 2250 2252
f 2251 2252 2253
f 2254 2288 2238
f 2254 2238 2237
f 2254 2237 2234
f 2253 2288 2254
f 2253 2254 2251
f 2197 2234 2198
f 2251 2197 2194
f 2254 2234 2197
f 2251 2254 2197
f 2255 2258 2189
f 1984 2258 2255
f 2255 1985 1984
f 1983 2256 2257
f 2257 2258 1984
f 1983 2257 1984
f 2260 2257 2256
f 2260 2256 2259
f 2258 2257 2260
f 2259 2246 2245
f 2259 2245 2260
f 2260 2245 2206
f 2260 2206 2190
f 2260 2190 2258
f 2258 2190 2189
f 2263 2262 2261
f 1990 2264 2263
f 1990 2263 2261
f 2262 2256 1983
f 1983 2261 2262
f 2265 2263 2264
f 2266 2275 2267
f 2266 2267 2268
f 2264 2266 2265
f 2265 2266 2268
f 2269 2274 2246
f 2269 2246 2259
f 2270 2269 2259
f 2268 2267 2274
f 2268 2274 2269
f 2265 2268 2269
f 2265 2269 2270
f 2262 2263 2265
f 2259 2256 2262
f 2259 2262 2270
f 2270 2262 2265
f 2272 2271 2247
f 2273 2271 2272
f 2247 2246 2274
f 2247 2274 2272
f 2272 2274 2267
f 2272 2267 2273
f 2277 2267 2275
f 2273 2267 2277
f 2277 2276 2273
f 2278 2252 2271
f 2278 2271 2273
f 2279 2253 2252
f 2279 2252 2278
f 2276 2280 2281
f 2281 2280 2282
f 2281 2282 2283
f 2273 2276 2281
f 2273 2281 2278
f 2278 2281 2283
f 2278 2283 2279
f 2286 2284 2285
f 2286 2285 2287
f 2283 2282 2284
f 2279 2283 2284
f 2279 2284 2286
f 2287 2238 2288
f 2288 2253 2279
f 2287 2288 2286
f 2286 2288 2279
f 1994 1993 2289
f 1994 2289 2290
f 2290 2289 2291
f 2291 2289 2295
f 2291 2295 2292
f 2293 2291 2292
f 2290 2291 2293
f 2294 2302 2264
f 2294 2264 1990
f 2293 2302 2294
f 2293 2294 2290
f 2294 1990 1995
f 2290 2294 1995
f 2290 1995 1994
f 2292 2295 2296
f 2292 2296 2297
f 2293 2292 2297
f 2293 2297 2298
f 2297 2296 2299
f 2297 2299 2300
f 2297 2300 2298
f 2301 2275 2266
f 2302 2301 2266
f 2302 2266 2264
f 2298 2300 2301
f 2298 2301 2302
f 2302 2293 2298
f 2303 2299 2296
f 2303 2296 2329
f 2303 2329 2328
f 2304 2300 2299
f 2304 2299 2303
f 2306 2305 2307
f 2303 2328 2305
f 2304 2303 2305
f 2304 2305 2306
f 2308 2309 2276
f 2308 2276 2277
f 2310 2308 2277
f 2307 2309 2308
f 2307 2308 2306
f 2306 2308 2310
f 2306 2310 2304
f 2275 2301 2310
f 2310 2301 2300
f 2310 2300 2304
f 2277 2275 2310
f 2311 2280 2276
f 2311 2276 2309
f 2312 2311 2309
f 2312 2309 2307
f 2311 2282 2280
f 2315 2311 2312
f 2305 2328 2313
f 2307 2305 2313
f 2307 2313 2312
f 2312 2313 2314
f 2312 2314 2315
f 2314 2338 2340
f 2315 2314 2340
f 2315 2285 2284
f 2315 2284 2282
f 2315 2282 2311
f 2317 2316 2320
f 2316 2318 2322
f 2320 2316 2322
f 2319 2295 2289
f 2319 2289 2320
f 2322 2319 2320
f 2321 2289 1993
f 2317 2321 2161
f 2320 2289 2321
f 2320 2321 2317
f 2323 2335 2324
f 2325 2323 2324
f 2322 2318 2323
f 2325 2322 2323
f 2324 2326 2325
f 2326 2296 2295
f 2326 2295 2319
f 2325 2326 2319
f 2325 2319 2322
f 2327 2324 2335
f 2327 2335 2339
f 2339 2338 2314
f 2339 2314 2327
f 2327 2314 2313
f 2327 2313 2328
f 2329 2296 2326
f 2329 2326 2324
f 2328 2329 2324
f 2328 2324 2327
f 2330 2165 2227
f 2227 2331 2332
f 2227 2332 2330
f 2332 2318 2316
f 2332 2316 2330
f 2330 2317 2161
f 2316 2317 2330
f 2334 2333 2229
f 2333 2332 2331
f 2335 2323 2336
f 2336 2323 2318
f 2334 2335 2336
f 2334 2336 2333
f 2336 2318 2332
f 2333 2336 2332
f 2335 2334 2337
f 2339 2335 2337
f 2337 2241 2338
f 2337 2338 2339
f 2340 2338 2241
f 2340 2241 2240
f 2341 2238 2287
f 2341 2287 2285
f 2240 2341 2340
f 2340 2341 2285
f 2340 2285 2315
f 2333 2331 2342
f 2229 2333 2342
f 2342 2331 2225
f 2344 1834 1913
f 1913 2343 2344
f 2344 2343 1921
f 1934 1933 1922
f 1934 1922 1923
f 2345 1934 1923
f 2345 1923 1924
f 1921 2343 2345
f 1924 1921 2345
f 2346 1933 1931
f 2099 2346 1931
f 2346 1922 1933
f 2106 2346 2099
f 2099 2098 2106
f 2106 2098 2107
f 2347 2098 2102
f 2101 2347 2102
f 2350 2347 2101
f 2101 2100 2348
f 2101 2348 2349
f 2101 2349 2117
f 2350 2101 2117
f 2347 2107 2098
f 2352 2348 2100
f 2352 2100 2351
f 2353 2356 2354
f 2351 2353 2354
f 2351 2354 2352
f 2354 2356 2180
f 2352 2354 2180
f 2179 2349 2348
f 2352 2179 2348
f 2356 2353 2355
f 2358 2356 2355
f 2357 2222 2342
f 2357 2342 2358
f 2355 2357 2358
f 2342 2225 2358
f 2358 2225 2356
f 2359 2360 2361
f 2361 19 2370
f 2370 2374 2359
f 2361 2370 2359
f 2360 2363 2382
f 2360 2382 14
f 14 2362 2360
f 2360 2362 2361
f 2363 2383 2382
f 2363 2360 2364
f 2364 1187 2363
f 1187 2383 2363
f 2374 1190 1188
f 2374 1188 2364
f 2364 1188 1187
f 2364 2360 2359
f 2364 2359 2374
f 2367 2365 2366
f 2367 2386 2365
f 2386 2380 38
f 2386 2367 2380
f 2368 2366 1230
f 2369 1230 2378
f 2368 1230 2369
f 2368 2367 2366
f 2375 2374 2370
f 20 2373 2371
f 20 2371 2370
f 2371 2376 2375
f 2370 2371 2375
f 2376 2371 2372
f 2372 2371 2373
f 2376 2379 2369
f 2372 2379 2376
f 2377 1191 1190
f 2377 1190 2375
f 2375 1190 2374
f 2375 2376 2377
f 2377 2376 2378
f 2378 2376 2369
f 2378 1191 2377
f 2368 2369 2379
f 22 2380 2379
f 2379 2380 2367
f 2379 2367 2368
f 14 2381 2394
f 14 2382 2381
f 2382 2384 2381
f 2383 2384 2382
f 2383 1213 2384
f 2390 2385 1240
f 1240 1252 2390
f 36 2386 38
f 2387 2386 36
f 2365 2386 2387
f 2365 2387 2431
f 2390 2389 2391
f 2389 2390 2388
f 2427 2388 2390
f 2390 1252 2427
f 2390 2391 2385
f 2385 2392 1245
f 1245 1240 2385
f 2381 2411 2393
f 2394 2381 2393
f 2384 2411 2381
f 2411 2384 1213
f 2396 2421 2402
f 2396 2402 2403
f 2397 2400 2398
f 2397 2398 2395
f 2395 2398 2399
f 2395 2399 2396
f 2397 1320 2401
f 2397 2401 2400
f 2400 2409 2398
f 2398 2409 73
f 73 2399 2398
f 68 2399 73
f 2409 2400 2410
f 2404 2410 2400
f 2400 2401 2404
f 2385 2391 2392
f 75 2406 2408
f 75 2408 1245
f 1245 2392 75
f 95 2421 72
f 2403 2397 2395
f 2395 2396 2403
f 1320 2397 2403
f 72 2421 2396
f 2404 2401 1326
f 2404 1326 2405
f 2406 76 2407
f 2407 77 2409
f 2406 2407 1322
f 1322 2408 2406
f 2410 1322 2407
f 2410 2407 2409
f 77 73 2409
f 2404 2405 2410
f 2410 2405 1322
f 2393 81 2394
f 2393 2411 2412
f 2412 2411 1249
f 81 2393 2412
f 2416 1249 1327
f 2412 1249 2416
f 2413 1329 2425
f 2423 94 93
f 93 2414 2423
f 2417 2413 2423
f 2415 1329 2413
f 2417 2423 2414
f 2419 2415 2413
f 2418 2412 2416
f 2418 83 81
f 81 2412 2418
f 2418 2417 2414
f 2414 93 2418
f 2418 93 83
f 2418 2416 2417
f 2416 1327 2419
f 2419 2417 2416
f 2419 1327 2415
f 2413 2417 2419
f 2402 2421 2420
f 2422 2420 2421
f 2421 95 2422
f 2424 2422 95
f 2423 2413 2425
f 2424 2423 2425
f 2424 2425 2422
f 2427 2445 2388
f 2388 2445 2426
f 45 2389 2426
f 2426 2389 2388
f 2447 2445 2427
f 1252 1251 2447
f 2427 1252 2447
f 2432 2387 2428
f 2387 36 2428
f 2429 2430 2432
f 2429 2432 2428
f 1234 2430 1270
f 2431 2387 2432
f 1234 2431 2432
f 2432 2430 1234
f 2433 2430 2429
f 2433 2429 2434
f 2448 2435 2433
f 2448 2433 2434
f 2435 1273 2436
f 2435 2436 2433
f 2436 1270 2430
f 2436 2430 2433
f 2437 2453 186
f 186 185 2437
f 2441 2437 185
f 2441 185 2438
f 2438 185 181
f 181 277 2490
f 181 2490 2438
f 2438 2491 2442
f 2438 2442 2441
f 2490 2491 2438
f 2493 1397 1392
f 2493 1392 2440
f 2440 1392 1391
f 2440 1391 1401
f 1401 2437 2441
f 1401 2441 2440
f 2493 2442 2439
f 2440 2441 2442
f 2440 2442 2493
f 2444 152 2426
f 2444 2426 2445
f 2444 2445 2443
f 2446 2443 2445
f 2446 2445 2447
f 2447 1251 1277
f 2447 1277 2446
f 2450 2435 2448
f 2450 188 2449
f 2449 1404 2450
f 1353 2435 2450
f 2450 1404 1353
f 2452 2451 187
f 2452 187 182
f 182 186 2452
f 2452 186 2453
f 2452 2453 2451
f 2453 2437 1401
f 1401 1403 2453
f 1403 1402 2454
f 2454 2451 2453
f 2454 2453 1403
f 2449 187 2451
f 2449 2451 1404
f 2454 1402 1406
f 2454 1406 1404
f 2454 1404 2451
f 2459 2458 2455
f 2457 2459 2455
f 2455 2456 202
f 203 2455 202
f 2455 2458 2456
f 2457 2455 203
f 152 2444 203
f 203 2444 2457
f 2444 2443 2457
f 2459 2457 2460
f 2463 2458 2459
f 2460 2457 2443
f 2460 2443 2446
f 2446 1277 2461
f 2446 2461 2460
f 2462 1333 2463
f 2459 2462 2463
f 2460 2461 2462
f 2460 2462 2459
f 2456 2458 2464
f 2456 2464 2465
f 2465 231 232
f 2456 2465 232
f 2466 2464 2458
f 2466 2458 2463
f 1333 1505 2466
f 1333 2466 2463
f 2470 2467 2469
f 2469 2467 2468
f 2468 264 252
f 2468 252 254
f 2469 2468 254
f 2469 254 231
f 2469 231 2465
f 2469 2473 2470
f 2469 2465 2464
f 2469 2464 2473
f 2478 2467 2470
f 2471 2478 2470
f 2471 2470 2472
f 2473 2464 2466
f 2472 2473 2466
f 2472 2470 2473
f 2472 2466 1505
f 2472 1505 1537
f 1537 1561 2471
f 1537 2471 2472
f 2475 2477 2485
f 2475 2485 2474
f 2474 265 2475
f 2476 264 2468
f 2475 265 264
f 2476 2475 264
f 2476 2477 2475
f 2468 2467 2476
f 2480 2485 2477
f 2479 2480 2477
f 2476 2467 2478
f 2478 2471 2479
f 2477 2476 2478
f 2477 2478 2479
f 2479 2471 1561
f 1560 2480 2479
f 1561 1560 2479
f 2482 2486 2481
f 2483 2486 2482
f 2482 2508 2484
f 2482 2484 276
f 2482 276 2483
f 2483 276 2474
f 2485 2486 2483
f 2474 2485 2483
f 2485 2480 2487
f 2486 2485 2487
f 2486 2487 2488
f 2489 2481 2486
f 2488 2489 2486
f 2498 2442 2491
f 277 294 2496
f 277 2496 2490
f 2491 2497 2498
f 2496 2497 2491
f 2490 2496 2491
f 2492 1485 1397
f 2492 1397 2493
f 2499 2492 2439
f 2439 2492 2493
f 2439 2442 2498
f 2439 2498 2499
f 2494 2495 2504
f 2498 2501 2495
f 2499 2498 2495
f 2499 2495 2494
f 2499 2494 1485
f 2499 1485 2492
f 2501 2498 2497
f 2497 2496 2500
f 2500 2496 294
f 2500 294 316
f 2500 2501 2497
f 2502 2542 2504
f 2504 2542 2503
f 2504 2501 2502
f 2501 2500 2540
f 2540 2500 316
f 316 440 2540
f 2504 2503 2494
f 2495 2501 2504
f 2507 2506 2505
f 2505 333 2507
f 2507 2508 2482
f 2482 2481 2506
f 2482 2506 2507
f 2510 2509 2505
f 2510 2505 2506
f 2506 2481 2510
f 2510 2511 1581
f 2481 2489 2511
f 2510 2481 2511
f 1582 2515 2509
f 1581 1582 2510
f 2510 1582 2509
f 2513 2516 1583
f 2512 2513 1583
f 2512 2519 398
f 2512 398 2513
f 332 333 2505
f 2513 398 332
f 2514 2516 2513
f 2505 2514 332
f 332 2514 2513
f 2514 2505 2509
f 2514 2509 2515
f 2516 2514 2515
f 2516 2515 1584
f 1584 1583 2516
f 2512 2518 2517
f 2517 401 2519
f 2517 2519 2512
f 2512 1583 2518
f 2518 1583 1655
f 404 401 2520
f 2520 401 2517
f 2518 2521 2517
f 2517 2521 2520
f 2523 2522 2521
f 2523 2521 2518
f 2518 1655 1712
f 2523 2518 1712
f 2523 1720 2526
f 2523 2526 2522
f 2524 2522 2529
f 2524 2528 411
f 2524 404 2520
f 2524 411 404
f 2520 2521 2522
f 2520 2522 2524
f 2525 2529 2522
f 2526 2525 2522
f 2526 2527 2525
f 2526 1720 2527
f 1716 2536 2527
f 2534 414 2528
f 2524 2529 2528
f 2525 2527 2536
f 1716 1708 2536
f 2530 1696 1657
f 2530 1657 2531
f 2531 2539 2530
f 2535 2532 2533
f 2533 2534 2535
f 2533 419 2534
f 2539 2532 2535
f 2534 2528 2535
f 2535 2529 2539
f 2535 2528 2529
f 2530 2539 2529
f 2530 2529 2525
f 2536 2530 2525
f 1708 1696 2530
f 2536 1708 2530
f 1721 2537 2538
f 1721 2538 1658
f 2550 2554 2537
f 2550 2537 1721
f 2538 444 443
f 2532 2539 2538
f 443 2533 2532
f 443 2532 2538
f 2539 2531 2538
f 2531 1657 1658
f 2538 2531 1658
f 2540 2502 2501
f 2502 2543 2541
f 2502 2541 2542
f 2544 2542 2541
f 2545 2502 2540
f 2540 440 2545
f 2545 440 2546
f 2545 2546 2547
f 2545 2543 2502
f 2547 2543 2545
f 2547 2546 457
f 2549 1743 2548
f 2548 1744 2541
f 2548 2543 2549
f 2548 2541 2543
f 2559 2560 1743
f 1743 2549 2559
f 2547 470 2549
f 2543 2547 2549
f 2537 2554 469
f 469 444 2538
f 469 2538 2537
f 2550 2551 2554
f 2550 1783 2552
f 2552 2551 2550
f 2554 2551 2553
f 493 469 2553
f 2553 469 2554
f 472 2559 2549
f 2556 2557 2568
f 2556 1745 2555
f 2558 2555 2560
f 2558 2557 2556
f 2558 2556 2555
f 494 2559 472
f 494 2557 2559
f 2560 2559 2558
f 2559 2557 2558
f 2561 2551 2552
f 2561 493 2553
f 2553 2551 2561
f 2552 2562 2561
f 2552 1761 2562
f 2576 504 2563
f 2563 2565 2576
f 2564 2565 2563
f 2562 2563 503
f 2562 1761 2564
f 2563 2562 2564
f 2564 1759 2567
f 2576 2566 504
f 2565 2564 2567
f 1784 2577 2567
f 2557 494 2569
f 2569 2571 2568
f 2569 2568 2557
f 2568 2573 2556
f 2556 2573 1746
f 1745 2556 1746
f 2569 2570 2571
f 2572 1806 1804
f 2573 2572 1804
f 1804 1746 2573
f 2573 2568 2572
f 2571 2572 2568
f 2571 2570 529
f 2571 529 537
f 2571 537 2579
f 2572 2580 2574
f 1806 2572 2574
f 2575 2582 2566
f 2576 2565 2575
f 2566 2576 2575
f 2575 2565 2577
f 2577 2565 2567
f 2577 1784 1786
f 2577 1786 2578
f 2579 2572 2571
f 2579 2580 2572
f 2580 2586 2574
f 2574 2586 1813
f 2574 1813 1808
f 2584 2583 2581
f 2584 2581 2582
f 2582 2575 2584
f 2583 2584 2578
f 2584 2575 2577
f 2578 2584 2577
f 2578 1812 2583
f 2585 2581 2583
f 1812 1811 2585
f 2585 2583 1812
f 547 2580 2579
f 2579 546 547
f 547 2586 2580
f 2586 547 2587
f 2589 1814 2586
f 2587 2589 2586
f 2589 2587 2588
f 2589 2588 2585
f 2585 1811 2589
f 1814 2589 1811
# 5174 faces, 0 coords texture

# End of File
